focal_event,time,behavior,people_pass,human_squirrel_engage,conspecific_interaction,trail,photo,contact,food_item,notes,
A_01_31J19,18:22:00,eating,5,N,,off,,,apple,,
A_01_31J19,18:22:37,walking,,,,on,,,,,
A_01_31J19,18:23:00,stopped,,,,on,,,,,
A_01_31J19,18:23:30,walking,,,,on,,,,,
A_01_31J19,18:23:45,sniffing,10,N,,on,,,,ground,
A_01_31J19,18:24:00,drinking,,,,on,,,,,
A_01_31J19,18:26:22,sniffing,2,N,,on,,,,ground,
A_01_31J19,18:27:05,sniffing,2,N,,on,,,,,
A_01_31J19,18:27:27,sniffing,2,N,,on,,,,taking pictures of scenery,
A_01_31J19,18:28:00,staring,,,,on,,,,,
A_01_31J19,18:28:22,drinking,,,,on,,,,,
A_01_31J19,18:28:30,drinking,2,Y,,on,Y,,,photographing squirrel,
A_01_31J19,18:29:52,eating,3,N,,on,,,,sand,
A_01_31J19,18:30:00,walking,,,,on,,,,,
A_01_31J19,18:30:28,running,,,,on,,,,,
A_01_31J19,18:30:48,eating,,,,on,,,,,
A_01_31J19,18:31:27,hop,,,,on,,,,,
A_01_31J19,18:31:45,hop,,,,off,,,,,
A_01_31J19,18:32:00,end,,,,,,,,,
A_02_31J19,18:32:25,sniffing,,,,on,,,,juvenile ,
A_02_31J19,18:32:40,drinking,,,,on,,,,,
A_02_31J19,18:32:49,drinking,4,N,,on,,,,within 0.5 ft of squirrel,
A_02_31J19,18:33:01,walking,,,,on,,,,,
A_02_31J19,18:33:22,walking,,,,on,,,,,
A_02_31J19,18:33:40,walking,4,N,,on,,,,,
A_02_31J19,18:34:00,walking,4,N,,on,,,,,
A_02_31J19,18:34:17,sniffing,,,,on,,,,,
A_02_31J19,18:34:42,sniffing,5,Y,,on,,,,Stopped,
A_02_31J19,18:34:50,sniffing,3,Y,,off,Y,,,take pictures of squirrel,
A_02_31J19,18:35:19,sniffing,4,Y,,off,,,,,
A_02_31J19,18:35:59,staring,,,,off,,,,,
A_02_31J19,18:36:18,digging,3,Y,,on,,,,Stopped,
A_02_31J19,18:36:49,digging,2,N,,on,,,,,
A_02_31J19,18:36:52,digging,4,N,,on,,,,,
A_02_31J19,18:37:00,digging,2,N,,on,,,,,
A_02_31J19,18:37:19,digging,2,Y,,on,,,,Stopped,
A_02_31J19,18:37:28,digging,8,N,,on,,,,,
A_02_31J19,18:37:38,digging,,,,on,,,,new dig location,
A_02_31J19,18:38:27,walking,4,Y,,on,,,,one person extends hand,
A_02_31J19,18:40:29,oos,,,,off,,,,,
A_02_31J19,18:41:01,walking,,,,off,,,,,
A_02_31J19,18:41:30,licking,,,,off,,,,,
A_02_31J19,18:41:38,licking,2,Y,,off,Y,,,take pictures of squirrel,
A_02_31J19,18:41:56,sniffing,,,,off,,,,,
A_02_31J19,18:42:02,walking,,,,off,,,,,
A_02_31J19,18:42:30,end,,,,,,,,,
A_03_31J19,18:46:24,digging,,,,off,,,,,
A_03_31J19,18:46:55,walking,,,,on,,,,,
A_03_31J19,18:47:10,walking,,,,off,,,,,
A_03_31J19,18:47:19,walking,,,,on,,,,,
A_03_31J19,18:48:15,walking,2,N,,on,,,,,
A_03_31J19,18:48:36,eating,,,,off,,,grass,,
A_03_31J19,18:48:53,eating,5,N,,off,,,,within 2 ft of squirrel,
A_03_31J19,18:49:06,eating,2,N,,off,,,,,
A_03_31J19,18:49:41,eating,3,N,,off,,,,within 1 ft of squirrel,
A_03_31J19,18:50:08,eating,2,N,,off,,,,,
A_03_31J19,18:50:30,eating,1,N,,off,,,,within 3 ft of squirrel,
A_03_31J19,18:51:18,walking,,,,off,,,,,
A_03_31J19,18:51:24,eating,,,,off,,,unknown,,
A_03_31J19,18:52:01,walking,,,,on,,,,,
A_03_31J19,18:53:18,walking,,,,off,,,,,
A_03_31J19,18:53:32,walking,2,N,,off,,,,,
A_03_31J19,18:54:33,eating,,,,off,,,unknown,,
A_03_31J19,18:55:36,walking,,,,off,,,,,
A_03_31J19,18:55:44,eating,,,,off,,,unknown,,
A_03_31J19,18:56:06,eating,,,,off,,,moth,caught from chasing,
A_03_31J19,18:56:44,end,,,,,,,,,
A_04_31J19,18:56:44,bite,3,Y,,on,,Y,,bites/snaps at girl walking by playing music,
A_04_31J19,18:56:59,staring,3,Y,,on,Y,,,photographing squirrel,
A_04_31J19,18:57:29,hop,,,,on,,,,on wall,
A_04_31J19,18:57:41,staring,,,,on,,,,,
A_04_31J19,18:57:55,walking,,,,on,,,,,
A_04_31J19,18:58:17,eating,,,,on,,,grape,grape,
A_04_31J19,18:58:24,walking,,,,on,,,,,
A_04_31J19,18:58:35,walking,3,N,,on,,,,,
A_04_31J19,18:58:52,walking,2,N,,on,,,,,
A_04_31J19,18:59:01,walking,3,N,,on,,,,,
A_04_31J19,18:59:15,walking,6,N,,on,,,,,
A_04_31J19,19:00:16,walking,3,N,,on,,,,,
A_04_31J19,19:00:37,staring,,,,on,,,,,
A_04_31J19,19:00:43,walking,,,,on,,,,,
A_04_31J19,19:01:06,staring,,,,on,,,,,
A_04_31J19,19:01:12,walking,,,,on,,,,,
A_04_31J19,19:01:17,sniffing,,,,on,,,,,
A_04_31J19,19:01:42,staring,,,,off,,,,,
A_04_31J19,19:01:53,sniffing,,,,off,,,,,
A_04_31J19,19:02:01,walking,,,,on,,,,,
A_04_31J19,19:02:56,walking,,,,off,,,,,
A_04_31J19,19:03:05,walking,,,,off,,,,,
A_04_31J19,19:03:25,drinking,,,,off,,,,,
A_04_31J19,19:03:54,walking,,,,off,,,,,
A_04_31J19,19:04:29,walking,3,Y,,off,Y,,,photo,
A_04_31J19,19:04:35,hop,,,,on,,,,on wall,
A_04_31J19,19:04:44,walking,,,,on,,,,,
A_04_31J19,19:04:58,walking,,,,on,,,,3 people from 19:04:35 leave,
A_04_31J19,19:05:09,walking,,,,on,,,,,
A_04_31J19,19:05:49,walking,1,N,,on,,,,1 ft from girl,
A_04_31J19,19:06:01,walking,,,,on,,,,,
A_04_31J19,19:07:00,end,,,,on,,,,,
A_05_31J19,19:15:00,eating,2,Y,,on,,Y,sunflower seeds,"feeding squirrel sunflower seeds, petting squirrel",
A_05_31J19,19:15:44,walking,3,N,,off,,,,"""donÔøΩt pet the squirrel, that's how you get diseases and get sick""",
A_05_31J19,19:16:23,digging,,,,off,,,,,
A_05_31J19,19:16:49,oos,,,,off,,,,,
A_05_31J19,19:19:00,end,,,,,,,,,
Z_01_31J19,18:24:00,eating,,,,off,,,grass,,
Z_01_31J19,18:25:00,eating,,,,on,,,unknown,,
Z_01_31J19,18:25:30,eating,,,,off,,,grass,,
Z_01_31J19,18:28:17,eating,1,N,,off,,,grass,,
Z_01_31J19,18:29:00,eating,2,Y,,off,Y,,,photograph,
Z_01_31J19,18:30:00,eating,4,N,,off,,,grass,,
Z_01_31J19,18:32:00,eating,2,Y,,,Y,,,photograph- within about 6 in of squirrel,
Z_01_31J19,18:34:00,end,,,,off,,,,,
Z_02_31J19,18:39:00,eating,,,,off,,,paper food wrapper,,
Z_02_31J19,18:40:00,sniffing,,,,off,,,,ground near wrapper,
Z_02_31J19,18:42:00,begging,,,,on,,,,behavior directed towards observer,
Z_02_31J19,18:43:00,sniffing,,,,off,,,,,
Z_02_31J19,18:46:00,walking,,,,off,,,,,
Z_02_31J19,18:46:30,oos,,,,,,,,,
Z_02_31J19,18:47:00,end,,,,,,,,,
Z_03_31J19,19:02:00,walking,,,,on,,,,,
Z_03_31J19,19:03:00,eating,,,,off,,,grass,,
Z_03_31J19,19:03:30,digging ,,,,off,,,,,
Z_03_31J19,19:04:00,eating,,,,off,,,unknown,item retrieved from dig,
Z_03_31J19,19:05:00,begging,,,,on,,,,behavior directed towards observer,
Z_03_31J19,19:06:00,walking,,,,off,,,,,
Z_03_31J19,19:06:15,drinking,,,,off,,,,,
Z_03_31J19,19:07:30,running,1,Y,,on,,,,chased by child,
Z_03_31J19,19:07:45,eating,,,,off,,,grass,,
Z_03_31J19,19:07:50,walking,,,,on,,,,,
Z_03_31J19,19:09:00,eating,,,,off,,,grass,,
Z_03_31J19,19:12:00,end,,,,,,,,,
Z_01_01A19,18:09:58,begging,,,,on,,,,behavior directed towards observer,
Z_01_01A19,18:10:22,walking,1,Y,,on,,,,hiker does air kiss/pursed lips ,
Z_01_01A19,18:10:40,begging,,,,on,,,,behavior directed towards observer,
Z_01_01A19,18:11:19,walking,1,Y,,on,Y,,,photograph,
Z_01_01A19,18:11:39,begging,,,,on,,,,behavior directed towards observer,
Z_01_01A19,18:11:59,walking,,,,on,,,,,
Z_01_01A19,18:12:16,walking,3,N,,on,,,,,
Z_01_01A19,18:12:35,walking,1,Y,,on,,Y,,approaches and pets,
Z_01_01A19,18:13:06,walking,,,,on,,,,,
Z_01_01A19,18:13:20,walking,1,Y,,on,Y,,,photographed,
Z_01_01A19,18:13:30,eating,,,,on,,,unknown,unknown,
Z_01_01A19,18:13:42,begging,,,,on,,,,behavior directed towards observer,
Z_01_01A19,18:13:57,walking,2,Y,,on,Y,,,photographed,
Z_01_01A19,18:14:08,begging,,,,on,,,,behavior directed towards observer,
Z_01_01A19,18:14:21,sniffing,,,,on,,,,,
Z_01_01A19,18:14:42,sniffing,2,N,,on,,,,,
Z_01_01A19,18:14:50,eating,,,,on,,,unknown,,
Z_01_01A19,18:15:17,eating,3,Y,,on,,,,whistling at squirrel,
Z_01_01A19,18:15:27,begging,,,,on,,,,behavior directed at observer,
Z_01_01A19,18:15:47,sniffing,,,,on,,,,,
Z_01_01A19,18:16:15,eating,,,,on,,,orange peel,,
Z_01_01A19,18:17:21,walking,5,N,,on,,,,follows hiker for ~30 s,
Z_01_01A19,18:17:56,sniffing,,,,on,,,,,
Z_01_01A19,18:17:58,sniffing,7,N,,on,,,,,
Z_01_01A19,18:18:14,sniffing,2,,,on,,,,,
Z_01_01A19,18:18:56,eating,,,,on,,,unknown,,
Z_01_01A19,18:19:00,end,,,,,,,,,
Z_02_01A19,18:24:58,sniffing,,,,off,,,,,
Z_02_01A19,18:25:30,sniffing,3,N,,off,,,,,
Z_02_01A19,18:25:48,eating,,,,off,,,blueberry,,
Z_02_01A19,18:26:00,chasing,,,yes,off,,,,2 squirrels,
Z_02_01A19,18:26:15,vocalizing,,,,off,,,,chirping noise directed to other squirrel,
Z_02_01A19,18:26:53,eating,,,,off,,,blueberry,,
Z_02_01A19,18:27:31,chasing,,,yes,off,,,,,
Z_02_01A19,18:27:40,sniffing,,,,off,,,,,
Z_02_01A19,18:27:49,chasing,,,yes,off,,,,,
Z_02_01A19,18:28:07,sniffing,,,,off,,,,,
Z_02_01A19,18:28:24,chasing,,,yes,off,,,,,
Z_02_01A19,18:28:36,sniffing,,,,off,,,,,
Z_02_01A19,18:29:28,eating,,,,off,,,unknown,,
Z_02_01A19,18:29:56,digging ,,,,off,,,,,
Z_02_01A19,18:30:04,eating,,,,off,,,unknown,,
Z_02_01A19,18:31:04,digging ,,,,off,,,,,
Z_02_01A19,18:31:15,sniffing,,,,off,,,,,
Z_02_01A19,18:31:25,digging ,,,,off,,,,,
Z_02_01A19,18:31:43,sniffing,,,,off,,,,,
Z_02_01A19,18:32:20,digging ,,,,off,,,,,
Z_02_01A19,18:32:40,sniffing,,,,off,,,,,
Z_02_01A19,18:33:40,licking,,,,off,,,,,
Z_02_01A19,18:33:59,sniffing,,,,off,,,,,
Z_02_01A19,18:34:52,oos,,,,off,,,,,
Z_02_01A19,18:34:55,end,,,,off,,,,,
Z_03_01A19,18:39:20,begging,1,N,,on,,,,,
Z_03_01A19,18:39:33,sniffing,,,,on,,,,,
Z_03_01A19,18:39:40,laying,,,,on,,,,,
Z_03_01A19,18:40:03,staring,,,,on,,,,,
Z_03_01A19,18:40:13,running,,,,on,,,,,
Z_03_01A19,18:40:35,sniffing,,,,on,,,,,
Z_03_01A19,18:41:19,sniffing,4,N,,on,,,,,
Z_03_01A19,18:41:51,eating,,,,on,,,unknown,,
Z_03_01A19,18:42:15,eating,4,N,,on,,,,,
Z_03_01A19,18:42:28,sniffing,,,,on,,,,,
Z_03_01A19,18:42:43,sniffing,6,N,,on,,,,,
Z_03_01A19,18:42:57,licking,,,,on,,,,,
Z_03_01A19,18:43:01,running,,,,on,,,,,
Z_03_01A19,18:43:13,sniffing,,,,on,,,,,
Z_03_01A19,18:43:24,sniffing,3,N,,on,,,,,
Z_03_01A19,18:43:30,sniffing,,,,on,,,,,
Z_03_01A19,18:43:56,sniffing,3,N,,on,,,,,
Z_03_01A19,18:44:16,sniffing,2,N,,on,,,,,
Z_03_01A19,18:44:21,sniffing,,,,on,,,,,
Z_03_01A19,18:45:41,eating,,,,on,,,unknown,,
Z_03_01A19,18:45:42,eating,2,N,,on,,,,,
Z_03_01A19,18:45:58,eating,2,N,,on,,,,,
Z_03_01A19,18:46:07,sniffing,,,,on,,,,,
Z_03_01A19,18:46:46,sniffing,2,N,,on,,,,,
Z_03_01A19,18:47:13,sniffing,,,,on,,,,,
Z_03_01A19,18:47:36,eating,,,,on,,,unknown,,
Z_03_01A19,18:47:47,sniffing,,,,on,,,,,
Z_03_01A19,18:47:49,sniffing,6,N,,on,,,,,
Z_03_01A19,18:48:01,eating,,,,on,,,,,
Z_03_01A19,18:48:39,sniffing,,,,on,,,,,
Z_03_01A19,18:48:40,sniffing,1,Y,,on,,,,approaches squirrel (no contact),
Z_03_01A19,18:49:00,end,,,,,,,,,
A_01_1A19,18:13:45,eating,,,,off,,,grass,,
A_01_1A19,18:14:00,walking,,,,off,,,,,
A_01_1A19,18:14:24,eating,,,,off,,,grass,,
A_01_1A19,18:15:00,oos,,,,off,,,,,
A_01_1A19,18:15:15,eating,,,,off,,,grass,another squirrel is ~6 ft away,
A_01_1A19,18:18:23,walking,,,,off,,,,,
A_01_1A19,18:18:36,walking,3,N,,on,,,,,
A_01_1A19,18:18:45,begging,,,,on,,,,,
A_01_1A19,18:18:50,walking,4,N,,on,,,,,
A_01_1A19,18:18:59,begging,,,,on,,,,,
A_01_1A19,18:19:00,walking,,,,off,,,,,
A_01_1A19,18:19:21,eating,2,N,,off,,,grass,people passing are running,
A_01_1A19,18:19:37,eating,3,N,,off,,,,people passing are running,
A_01_1A19,18:19:48,eating,2,N,,off,,,,,
A_01_1A19,18:20:27,eating,,,yes,off,,,,other squirrel is ~1 ft away,
A_01_1A19,18:20:35,eating,5,N,,off,,,,,
A_01_1A19,18:20:48,chasing,,,yes,off,,,,with juvenile,
A_01_1A19,18:21:08,begging,,,,off,,,,,
A_01_1A19,18:21:15,sniffing,,,,off,,,,,
A_01_1A19,18:21:25,begging,10,N,,on,,,,,
A_01_1A19,18:21:37,begging,1,Y,,on,Y,,,photographing squirrel,
A_01_1A19,18:21:50,begging,5,Y,,on,,,,"group stops, boy claps at squirrel",
A_01_1A19,18:22:00,walking,,,,on,,,,,
A_01_1A19,18:22:09,walking,3,N,,on,,,,,
A_01_1A19,18:22:11,walking,2,N,,on,,,,,
A_01_1A19,18:22:19,walking,4,N,,on,,,,,
A_01_1A19,18:22:22,walking,2,N,,on,,,,,
A_01_1A19,18:22:29,walking,,,,off,,,,,
A_01_1A19,18:23:02,walking,5,N,,off,,,,,
A_01_1A19,18:23:15,oos,,,,,,,,,
A_02_1A19,18:25:17,walking,,,,off,,,,,
A_02_1A19,18:25:27,eating,,,,off,,,moth,,
A_02_1A19,18:25:58,sniffing,,,,off,,,,,
A_02_1A19,18:26:55,chasing,,,yes,off,,,,,
A_02_1A19,18:27:00,chasing,2,N,yes,off,,,,,
A_02_1A19,18:27:28,chasing,2,Y,yes,off,Y,,,pic of squirrel,
A_02_1A19,18:27:48,eating,,,,off,,,unknown,,
A_02_1A19,18:27:53,eating,4,N,,off,,,,,
A_02_1A19,18:27:56,eating,3,N,,off,,,,,
A_02_1A19,18:28:15,chasing,,,yes,off,,,,,
A_02_1A19,18:28:22,eating,,,,off,,,unkown,,
A_02_1A19,18:28:34,running,,,,off,,,,,
A_02_1A19,18:28:47,sniffing,,,,off,,,,,
A_02_1A19,18:29:06,chasing,,,yes,off,,,,,
A_02_1A19,18:29:15,sniffing,,,,off,,,,,
A_02_1A19,18:29:25,sniffing,6,N,,off,,,,,
A_02_1A19,18:29:56,sniffing,,,,off,,,,,
A_02_1A19,18:30:01,sniffing,3,N,,off,,,,,
A_02_1A19,18:30:21,sniffing,10,N,,on,,,,,
A_02_1A19,18:30:51,sniffing,,,,off,,,,,
A_02_1A19,18:30:56,walking,2,N,,off,,,,,
A_02_1A19,18:31:09,chewing,3,N,,off,,,,,
A_02_1A19,18:31:39,chewing,4,N,,off,,,,,
A_02_1A19,18:32:02,chewing,1,N,,off,,,,,
A_02_1A19,18:32:40,chewing,2,N,,off,,,,,
A_02_1A19,18:33:10,chewing,2,N,,off,,,,,
A_02_1A19,18:33:14,chewing,3,N,,off,,,,,
A_02_1A19,18:33:41,walking,,,,off,,,,,
A_02_1A19,18:33:55,sniffing,,,,off,,,,,
A_02_1A19,18:34:21,walking,3,N,,off,,,,,
A_02_1A19,18:34:33,staring,,,,off,,,,,
A_02_1A19,18:34:36,sniffing,,,,off,,,,,
A_02_1A19,18:34:52,digging,,,,off,,,,,
A_02_1A19,18:35:00,sniffing,,,,off,,,,,
A_02_1A19,18:35:30,sniffing,3,N,,off,,,,,
A_02_1A19,18:36:00,end,,,,,,,,,
A_03_1A19,18:40:00,digging,,,,off,,,,,
A_03_1A19,18:40:22,eating,,,,off,,,unkown,,
A_03_1A19,18:40:42,eating,,,yes,off,,,,other squirrel passes,
A_03_1A19,18:40:49,eating,3,N,yes,off,,,,other squirrel approaches,
A_03_1A19,18:41:12,contact,,,,off,,,,,
A_03_1A19,18:41:27,sniffing,,,,off,,,,,
A_03_1A19,18:41:41,sniffing,,,,on,,,,,
A_03_1A19,18:41:53,sniffing,2,N,,on,,,,,
A_03_1A19,18:41:59,sniffing,2,N,,on,,,,,
A_03_1A19,18:42:09,sniffing,15,N,,on,,,,,
A_03_1A19,18:42:25,begging,,,,on,,,,,
A_03_1A19,18:42:30,walking,,,,on,,,,,
A_03_1A19,18:42:43,sniffing,,,,on,,,,,
A_03_1A19,18:42:49,sniffing,3,N,,on,,,,,
A_03_1A19,18:42:56,walking,2,N,,on,,,,,
A_03_1A19,18:43:10,sniffing,2,N,,on,,,,,
A_03_1A19,18:43:24,sniffing,2,N,,on,,,,,
A_03_1A19,18:43:39,walking,,,,on,,,,,
A_03_1A19,18:43:42,sniffing,,,,on,,,,,
A_03_1A19,18:44:01,walking,,,,on,,,,,
A_03_1A19,18:44:12,walking,,,,off,,,,,
A_03_1A19,18:44:20,oos,,,,off,,,,,
A_03_1A19,18:44:55,digging,2,N,,off,,,,,
A_03_1A19,18:45:38,eating,3,N,,off,,,grass,,
A_03_1A19,18:45:48,eating,2,N,,off,,,,,
A_03_1A19,18:45:59,eating,2,N,,off,,,,,
A_03_1A19,18:46:05,eating,1,N,,off,,,,,
A_03_1A19,18:46:13,digging,2,N,,off,,,,,
A_03_1A19,18:46:33,eating,,,,off,,,grass,,
A_03_1A19,18:46:43,eating,2,N,,off,,,,,
A_03_1A19,18:47:15,eating,5,N,,off,,,,,
A_03_1A19,18:47:27,walking,,,,on,,,,,
A_03_1A19,18:47:36,walking,2,Y,,on,,,,stop to look at squirrel,
A_03_1A19,18:47:46,begging,,,,on,,,,,
A_03_1A19,18:47:51,sniffing,,,,on,,,,,
A_03_1A19,18:48:05,sniffing,,,,off,,,,,
A_03_1A19,18:48:19,walking,,,,on,,,,,
A_03_1A19,18:48:33,sniffing,3,Y,,on,,,,1 person charges at squirrel,
A_03_1A19,18:48:50,begging,2,N,,on,,,,on wall,
A_03_1A19,18:48:52,begging,3,N,,on,,,,,
A_03_1A19,18:49:07,walking,2,N,,on,,,,,
A_03_1A19,18:49:26,sniffing,2,N,,off,,,,,
A_03_1A19,18:49:59,sniffing,2,N,,off,,,,,
A_03_1A19,18:50:07,sniffing,4,N,,off,,,,,
A_03_1A19,18:50:12,sniffing,1,N,,off,,,,,
A_03_1A19,18:51:00,end,,,,,,,,,
A_04_1A19,18:51:00,sitting,,,,on,,,,near squirrel 3,
A_04_1A19,18:51:22,sitting,1,N,,on,,,,,
A_04_1A19,18:51:53,walking,,,,off,,,,,
A_04_1A19,18:52:05,digging,,,,off,,,,,
A_04_1A19,18:52:19,walking,,,,off,,,,,
A_04_1A19,18:52:25,drinking,,,,off,,,,,
A_04_1A19,18:52:41,walking,,,,off,,,,,
A_04_1A19,18:52:46,oos,,,,off,,,,,
A_04_1A19,18:53:08,hop,,,,off,,,,on wall,
A_04_1A19,18:53:26,itching,,,,off,,,,,
A_04_1A19,18:53:37,staring,2,N,,off,,,,,
A_04_1A19,18:53:43,walking,,,,on,,,,,
A_04_1A19,18:54:07,climbing,5,N,,on,,,,,
A_04_1A19,18:54:40,walking,,,,off,,,,,
A_04_1A19,18:54:52,sitting,,,,on,,,,,
A_04_1A19,18:55:24,sitting,15,N,,on,,,,,
A_04_1A19,18:55:59,oos,20,N,,on,,,,,
A_04_1A19,18:56:54,end,,,,,,,,,
A_05_1A19,18:57:42,hunting,,,,off,,,moth,,
A_05_1A19,18:58:13,digging,,,,off,,,,,
A_05_1A19,18:58:19,hunting,5,N,,off,,,moth,,
A_05_1A19,18:58:57,hunting,7,N,,off,,,,,
A_05_1A19,18:59:35,eating,,,,off,,,moth,,
A_05_1A19,18:59:42,hunting,,,,off,,,moth,,
A_05_1A19,18:59:51,eating,,,,off,,,unknown,,
A_05_1A19,19:00:06,eating,5,N,,off,,,,,
A_05_1A19,19:00:19,eating,2,N,,off,,,,,
A_05_1A19,19:00:26,walking,,,,off,,,,,
A_05_1A19,19:00:33,chewing,,,,off,,,,,
A_05_1A19,19:00:46,sitting,,,,off,,,,,
A_05_1A19,19:00:53,walking,8,N,,off,,,,,
A_05_1A19,19:01:21,walking,4,N,,off,,,,,
A_05_1A19,19:01:33,walking,2,N,,off,,,,,
A_05_1A19,19:02:03,walking,3,Y,,off,,,,stop,
A_05_1A19,19:02:29,walking,,Y,yes,off,,,,approach squirrel,
A_05_1A19,19:02:26,begging,,,,off,,,,,
A_05_1A19,19:02:44,walking,,,,off,,,,,
A_05_1A19,19:02:46,chewing,3,N,,off,,,,,
A_05_1A19,19:03:30,chewing,3,N,,off,,,,,
A_05_1A19,19:03:35,walking,3,N,,off,,,,,
A_05_1A19,19:03:45,itching,,,,off,,,,,
A_05_1A19,19:03:46,walking,3,N,,off,,,,,
A_05_1A19,19:04:04,walking,3,N,,off,,,,,
A_05_1A19,19:04:22,walking,3,N,,off,,,,,
A_05_1A19,19:04:26,walking,3,N,,off,,,,,
A_05_1A19,19:04:43,walking,4,N,,off,,,,,
A_05_1A19,19:04:58,drinking,,,,off,,,,,
A_05_1A19,19:05:23,walking,4,N,,on,,,,,
A_05_1A19,19:05:51,begging,2,Y,,on,,Y,,pet squirrel,
A_05_1A19,19:06:02,walking,3,Y,,on,,,,approach,
A_05_1A19,19:06:20,walking,2,N,,on,,,,,
A_05_1A19,19:06:29,begging,3,Y,,on,Y,Y,,"photo taken, man offers hand to squirrel",
A_05_1A19,19:06:45,walking,,,,on,,,,,
A_05_1A19,19:07:07,end,,,,,,,,,
A_06_1A19,19:14:00,sitting,,,,off,,,,,
A_06_1A19,19:15:14,chewing,2,N,,off,,,,,
A_06_1A19,19:16:17,sitting,2,N,,off,,,,,
A_06_1A19,19:16:19,sitting,2,N,,off,,,,,
A_06_1A19,19:16:28,sitting,4,N,,off,,,,,
A_06_1A19,19:16:40,walking,,,,on,,,,,
A_06_1A19,19:17:02,sniffing,,,,on,,,,,
A_06_1A19,19:17:16,walking,,,,on,,,,,
A_06_1A19,19:17:24,walking,2,N,,on,,,,,
A_06_1A19,19:17:35,sitting,,,,on,,,,,
A_06_1A19,19:17:43,walking,,,,on,,,,,
A_06_1A19,19:17:51,sitting,,,,on,,,,,
A_06_1A19,19:18:09,walking,,,,on,,,,,
A_06_1A19,19:18:23,sitting,,,,on,,,,,
A_06_1A19,19:18:37,walking,,,,off,,,,,
A_06_1A19,19:18:49,climbing,,,,off,,,,,
A_06_1A19,19:19:00,climbing,2,N,,off,,,,,
A_06_1A19,19:19:13,sniffing,,,,off,,,,,
A_06_1A19,19:19:49,sitting,,,,off,,,,,
A_06_1A19,19:20:06,sniffing,2,Y,,off,,,,stop,
A_06_1A19,19:20:41,sniffing,,Y,,off,,Y,,offer hand,
A_06_1A19,19:20:54,walking,,,,off,,,,,
A_06_1A19,19:20:58,climbing,4,N,,off,,,,,
A_06_1A19,19:21:17,oos,,,,off,,,,,
A_06_1A19,19:21:25,walking,,,,on,,,,,
A_06_1A19,19:21:46,walking,4,N,,on,,,,squirrel approaches,
A_06_1A19,19:22:03,sniffing,,,,on,,,,,
A_06_1A19,19:22:15,sitting,,,,on,,,,,
A_06_1A19,19:22:46,walking,5,Y,,on,,,,2 ppl stop,
A_06_1A19,19:23:41,climbing,,,,on,,,,,
A_06_1A19,19:23:58,oos/end,,,,,,,,,
A_01_2A19,12:10:00,begging,,,,on,,,,,
A_01_2A19,12:10:18,begging,2,N,,on,,,,,
A_01_2A19,12:10:24,begging,3,N,,on,,,,,
A_01_2A19,12:10:38,begging,3,Y,,on,Y,,,photo,
A_01_2A19,12:10:40,begging,2,N,,on,,,,,
A_01_2A19,12:10:49,laying,,,,on,,,,,
A_01_2A19,12:10:53,laying,2,N,,on,,,,,
A_01_2A19,12:11:03,laying,4,N,,on,,,,,
A_01_2A19,12:11:08,laying,2,N,,on,,,,,
A_01_2A19,12:11:12,sniffing,4,Y,,on,,,,stop,
A_01_2A19,12:11:28,oos,,,,off,,,,,
A_02_2A19,12:15:00,sniffing,,,,off,,,,,
A_02_2A19,12:16:00,begging,1,Y,,off,,Y,,extend hand,
A_02_2A19,12:16:27,walking,,,,off,,,,crawls on backpack,
A_02_2A19,12:16:43,walking,2,N,,off,,,,,
A_02_2A19,12:16:58,walking,2,Y,,off,Y,,,photo,
A_02_2A19,12:17:45,digging,,,,off,,,,,
A_02_2A19,12:18:12,chewing,,,,off,,,,,
A_02_2A19,12:18:40,sniffing,,,,off,,,,,
A_02_2A19,12:19:05,sniffing,2,Y,,on,,,,stop,
A_02_2A19,12:19:27,sniffing,3,Y,,on,,,,stop,
A_02_2A19,12:19:47,sniffing,3,N,,on,,,,,
A_02_2A19,12:19:54,sniffing,2,N,,on,,,,,
A_02_2A19,12:19:59,sniffing,2,N,,on,,,,,
A_02_2A19,12:20:05,sniffing,3,N,,on,,,,,
A_02_2A19,12:20:14,sniffing,7,N,,on,,,,,
A_02_2A19,12:20:31,sniffing,3,N,,on,,,,,
A_02_2A19,12:20:41,sniffing,5,N,,on,,,,,
A_02_2A19,12:20:44,sniffing,4,Y,,on,Y,,,photo,
A_02_2A19,12:21:01,sniffing,4,N,,on,,,,,
A_02_2A19,12:21:12,oos,2,N,,on,,,,,
A_02_2A19,12:21:21,walking,2,N,,off,,,,,
A_02_2A19,12:21:48,walking,2,N,,off,,,,,
A_02_2A19,12:21:57,walking,2,N,,off,,,,,
A_02_2A19,12:22:05,walking,1,N,,off,,,,,
A_02_2A19,12:22:19,standing,,,,off,,,,,
A_02_2A19,12:22:25,chewing,1,N,,off,,,,,
A_02_2A19,12:22:48,chewing,2,N,,off,,,,,
A_02_2A19,12:23:15,chewing,1,N,,off,,,,,
A_02_2A19,12:23:29,chewing,1,N,,off,,,,,
A_02_2A19,12:23:40,chewing,1,N,,off,,,,,
A_02_2A19,12:23:50,chewing,6,N,,off,,,,,
A_02_2A19,12:23:58,walking,,,,off,,,,,
A_02_2A19,12:24:00,oos,,,,off,,,,,
A_02_2A19,12:25:00,end,,,,,,,,,
A_03_2A19,12:31:00,sniffing,2,Y,,off,Y,,,photo,
A_03_2A19,12:32:21,sniffing,2,N,,off,,,,,
A_03_2A19,12:32:30,walking,4,N,,on,,,,,
A_03_2A19,12:32:48,walking,,,,off,,,,,
A_03_2A19,12:32:59,sniffing,10,N,,off,,,,,
A_03_2A19,12:33:20,sniffing,20,N,,off,,,,,
A_03_2A19,12:33:26,sniffing,5,N,,off,,,,,
A_03_2A19,12:33:31,sniffing,2,N,,off,,,,,
A_03_2A19,12:33:52,oos,7,N,,off,,,,,
A_03_2A19,12:35:00,end,,,,,,,,,
A_04_2A19,12:43:51,vocalizing,5,Y,,off,Y,,,photo,
A_04_2A19,12:44:00,walking,5,Y,,off,Y,,,photo,
A_04_2A19,12:44:22,chasing,20,N,yes,off,,,,,
A_04_2A19,12:44:49,walking,3,N,,off,,,,,
A_04_2A19,12:46:31,chewing,1,N,,off,,,,,
A_04_2A19,12:46:35,walking,3,Y,,off,Y,,,photo,
A_04_2A19,12:46:48,walking,6,N,,off,,,,,
A_04_2A19,12:46:56,walking,6,N,,off,,,,,
A_04_2A19,12:47:07,walking,3,N,,off,,,,,
A_04_2A19,12:47:14,walking,2,N,,off,,,,,
A_04_2A19,12:47:21,walking,4,N,,off,,,,,
A_04_2A19,12:47:41,walking,4,N,,off,,,,,
A_04_2A19,12:48:01,oos/end,,,,,,,,,
A_05_2A19,12:53:00,sniffing,1,Y,,off,Y,,,photo,
A_05_2A19,12:54:00,sniffing,2,N,,off,,,,,
A_05_2A19,12:54:13,sniffing,2,N,,off,,,,,
A_05_2A19,12:54:39,sniffing,10,N,,off,,,,,
A_05_2A19,12:55:00,sniffing,5,N,,off,,,,,
A_05_2A19,12:55:05,sniffing,2,N,,off,,,,,
A_05_2A19,12:55:26,laying down,,,,off,,,,,
A_05_2A19,12:55:31,sniffing,3,N,,off,,,,,
A_05_2A19,12:55:53,sniffing,12,N,,off,,,,,
A_05_2A19,12:55:57,eating,,,,off,,,grass,,
A_05_2A19,12:56:03,walking,,,,off,,,,,
A_05_2A19,12:56:16,digging,,,,off,,,,,
A_05_2A19,12:56:35,walking,,,,off,,,,,
A_05_2A19,12:57:07,sniffing,,,,off,,,,,
A_05_2A19,12:57:26,rolling,,,,off,,,,,
A_05_2A19,12:57:32,sniffing,,,,off,,,,,
A_05_2A19,12:57:45,walking,,,,off,,,,,
A_05_2A19,12:57:57,eating,,,,off,,,grass,,
A_05_2A19,12:58:04,walking,30,N,,off,,,,,
A_05_2A19,12:58:41,eating,7,Y,,off,,,grass,people stop,
A_05_2A19,12:59:08,eating,5,N,,off,,,,,
A_05_2A19,12:59:19,eating,6,N,,off,,,,,
A_05_2A19,12:59:40,eating,4,N,,off,,,,,
A_05_2A19,12:59:47,eating,4,N,,off,,,,,
A_05_2A19,12:59:53,eating,3,N,,off,,,,,
A_05_2A19,12:59:57,eating,3,N,,off,,,,,
A_05_2A19,13:00:17,eating,2,N,,off,,,,,
A_05_2A19,13:00:28,eating,1,N,,off,,,,,
A_05_2A19,13:00:38,eating,2,N,,off,,,,,
A_05_2A19,13:01:07,walking,,,,off,,,,,
A_05_2A19,13:01:14,eating,2,N,,off,,,grass,,
A_05_2A19,13:02:01,eating,1,N,,off,,,,,
A_05_2A19,13:02:11,eating,1,N,,off,,,,,
A_05_2A19,13:02:21,eating,2,N,,off,,,,,
A_05_2A19,13:02:33,eating,2,N,,off,,,,,
A_05_2A19,13:02:50,eating,2,N,,off,,,,,
A_05_2A19,13:02:56,eating,2,N,,off,,,,,
A_05_2A19,13:03:00,end,,,,,,,,,
Z_04_1A19,18:58:27,walking,,,,off,,,,,
Z_04_1A19,18:58:45,sniffing,1,Y,,on,,,,sniffing directed towards hand of hiker,
Z_04_1A19,18:59:12,sniffing,1,Y,,on,,,,hiker calls to squirrel/gestures for it to come over,
Z_04_1A19,18:59:33,running,,,,off,,,,,
Z_04_1A19,18:59:45,eating,,,,off,,,unknown,,
Z_04_1A19,19:00:05,running,,,,off,,,,,
Z_04_1A19,19:00:40,digging,,,,off,,,,,
Z_04_1A19,19:00:48,eating,,,,off,,,unknown,,
Z_04_1A19,19:00:55,digging,,,,off,,,,,
Z_04_1A19,19:01:06,sniffing,,,,on,,,,,
Z_04_1A19,19:01:54,running,5,Y,,on,,,,child waves at and chases squirrel,
Z_04_1A19,19:02:17,sniffing,,,,off,,,,,
Z_04_1A19,19:02:54,sniffing,1,Y,,off,,,,approached by hiker,
Z_04_1A19,19:03:03,eating,,,,off,,,yogurt,,
Z_04_1A19,19:05:55,staring,,,,off,,,,gaze directed to two squirrels vocalizing and chasing,
Z_04_1A19,19:06:16,eating,,,,off,,,yogurt,from earlier,
Z_04_1A19,19:08:30,end,,,,off,,,,,
Z_01_2A19,12:12:40,running,3,N,,off,,,,,
Z_01_2A19,12:13:33,sniffing,,,,off,,,,,
Z_01_2A19,12:14:43,oos/end,,,,off,,,,,
Z_02_2A19,12:19:02,sniffing,7,N,,on,,,,,
Z_02_2A19,12:20:15,begging,8,N,,on,,,,,
Z_02_2A19,12:21:38,begging,25,Y,,on,,,,small crowd (~10) watches squirrel,
Z_02_2A19,12:22:06,eating,10,N,,on,,,,grass,
Z_02_2A19,12:23:04,sniffing,17,N,,on,,,,,
Z_02_2A19,12:24:00,sniffing,25,N,,on,,,,,
Z_02_2A19,12:24:12,eating,20,Y,,on,Y,,unknown,"item likely human,  3 pics taken, 3 ppl sit and watch for ~90 sec",
Z_02_2A19,12:25:35,eating,25,N,,on,,,,,
Z_02_2A19,12:27:04,eating,15,Y,,on,Y,,,photo,
Z_02_2A19,12:27:16,eating,25,N,,on,,,,,
Z_02_2A19,12:29:00,eating,9,N,,on,,,,,
Z_02_2A19,12:29:06,oos/end,,,,on,,,,,
Z_03_2A19,12:35:40,walking,19,N,,off,,,,,
Z_03_2A19,12:36:02,sniffing,8,N,,on,,,,,
Z_03_2A19,12:36:54,sniffing,4,Y,,off,,,,2 stop,
Z_03_2A19,12:38:28,oos,,,,off,,,,,
Z_03_2A19,12:38:28,end,,,,,,,,,
Z_04_2A19,12:51:40,sniffing,8,N,,on,,,,,
Z_04_2A19,12:52:46,,13,N,,off,,,,,
Z_04_2A19,12:53:00,,20,N,,off,,,,,
Z_04_2A19,12:53:30,,23,N,,off,,,,,
Z_04_2A19,12:54:41,eating,5,N,,off,,,grass,,
Z_04_2A19,12:55:00,,20,N,,off,,,,,
Z_04_2A19,12:55:58,sniffing,10,N,,off,,,,,
Z_04_2A19,12:56:40,licking,,,,off,,,,,
Z_04_2A19,12:57:04,sniffing,15,N,,off,,,,,
Z_04_2A19,12:58:23,itching,20,N,,off,,,,,
Z_04_2A19,12:58:25,sniffing,,,,off,,,,,
Z_04_2A19,12:58:37,laying,15,N,,off,,,,,
Z_04_2A19,12:58:56,sniffing,10,N,,off,,,,,
Z_04_2A19,12:59:41,rolling,15,N,,off,,,,,
Z_04_2A19,12:59:45,sniffing,,,,off,,,,,
Z_04_2A19,13:00:20,end,,,,,,,,,
Z_01_3A19,7:42:02,digging,,,,off,,,,mouth full of leaves,
Z_01_3A19,7:42:45,climbing,,,,off,,,,,
Z_01_3A19,7:42:47,climbing,4,N,,off,,,,,
Z_01_3A19,7:43:05,oos,,,,off,,,,,
Z_01_3A19,7:43:29,running,,,,off,,,,,
Z_01_3A19,7:43:30,running,10,N,,off,,,,,
Z_01_3A19,7:43:49,running,1,Y,,off,Y,,,photo,
Z_01_3A19,7:43:58,staring,,,,off,,,,,
Z_01_3A19,7:44:28,staring,6,N,,off,,,,,
Z_01_3A19,7:45:01,digging,,,,off,,,,mouth full of leaves,
Z_01_3A19,7:45:51,digging,4,N,,off,,,,,
Z_01_3A19,7:46:03,walking,,,,off,,,,,
Z_01_3A19,7:46:12,oos,,,,off,,,,,
Z_01_3A19,7:46:29,oos,6,N,,off,,,,,
Z_01_3A19,7:46:59,oos,2,N,,off,,,,,
Z_01_3A19,7:47:00,walking,,,,off,,,,,
Z_01_3A19,7:47:23,walking,2,N,,off,,,,,
Z_01_3A19,7:47:31,digging,,,,off,,,,mouth full of leaves,
Z_01_3A19,7:48:00,digging,6,N,,off,,,,,
Z_01_3A19,7:48:05,climbing,,,,off,,,,,
Z_01_3A19,7:48:10,oos,,,,off,,,,,
Z_01_3A19,7:48:37,climbing,,,,off,,,,,
Z_01_3A19,7:48:47,digging,,,,off,,,,mouth full of leaves,
Z_01_3A19,7:48:57,digging,2,Y,,off,,,,stop,
Z_01_3A19,7:49:07,digging,2,Y,,off,,,,stop,
Z_01_3A19,7:49:09,digging,2,N,,off,,,,,
Z_01_3A19,7:49:29,climbing,,,,off,,,,,
Z_01_3A19,7:49:37,oos,,,,off,,,,,
Z_01_3A19,7:50:07,staring,,,,off,,,,,
Z_01_3A19,7:50:37,staring,2,N,,off,,,,,
Z_01_3A19,7:50:56,staring,2,N,,off,,,,,
Z_01_3A19,7:51:19,walking,,,,off,,,,,
Z_01_3A19,7:51:57,walking,4,N,,off,,,,,
Z_01_3A19,7:52:00,end,,,,,,,,,
A_NS_3A19,7:08:00,,2,N,,,,,,,
A_NS_3A19,7:16:00,,2,N,,,,,,,
A_NS_3A19,7:25:00,,2,N,,,,,,,
A_NS_3A19,7:25:35,,3,N,,,,,,,
A_NS_3A19,7:25:38,,2,N,,,,,,,
A_NS_3A19,7:25:42,,2,N,,,,,,,
A_NS_3A19,7:25:50,,2,N,,,,,,,
A_NS_3A19,7:26:07,,2,N,,,,,,,
A_NS_3A19,7:26:27,,2,N,,,,,,,
A_NS_3A19,7:26:37,,3,N,,,,,,,
A_NS_3A19,7:26:41,,2,N,,,,,,,
A_NS_3A19,7:26:45,,3,N,,,,,,,
A_NS_3A19,7:26:52,,2,N,,,,,,,
A_NS_3A19,7:27:10,,14,N,,,,,,,
A_NS_3A19,7:27:37,,2,N,,,,,,,
A_NS_3A19,7:32:48,,1,N,,,,,,,
A_NS_3A19,7:33:00,,2,N,,,,,,,
A_NS_3A19,7:34:01,,1,N,,,,,,,
A_NS_3A19,7:34:19,,4,N,,,,,,,
A_NS_3A19,7:35:03,,2,N,,,,,,,
A_NS_3A19,7:35:35,,3,N,,,,,,,
A_NS_3A19,7:36:05,,4,N,,,,,,,
A_NS_3A19,7:37:52,,4,N,,,,,,,
A_NS_3A19,7:38:01,,3,N,,,,,,,
A_NS_3A19,7:38:16,,3,N,,,,,,,
A_NS_3A19,7:39:19,,4,N,,,,,,,
A_NS_3A19,7:39:25,,3,N,,,,,,,
A_NS_3A19,7:39:45,,3,N,,,,,,,
A_NS_3A19,7:40:02,,6,N,,,,,,,
A_NS_3A19,7:40:30,,2,N,,,,,,,
A_NS_3A19,7:41:09,,4,N,,,,,,,
A_NS_3A19,7:42:25,,3,N,,,,,,,
A_NS_3A19,7:43:13,,4,N,,,,,,,
A_NS_3A19,7:43:20,,3,N,,,,,,,
A_NS_3A19,7:43:25,,2,N,,,,,,,
A_NS_3A19,7:43:37,,6,N,,,,,,,
A_NS_3A19,7:43:36,,1,N,,,,,,,
A_NS_3A19,7:43:52,,5,N,,,,,,,
A_NS_3A19,7:44:55,,2,N,,,,,,,
A_NS_3A19,7:45:00,,3,N,,,,,,,
A_NS_3A19,7:45:08,,2,N,,,,,,,
A_NS_3A19,7:45:16,,5,N,,,,,,,
A_NS_3A19,7:45:17,,4,N,,,,,,,
A_NS_3A19,7:45:27,,2,N,,,,,,,
A_NS_3A19,7:46:01,,2,N,,,,,,,
A_NS_3A19,7:46:11,,5,N,,,,,,,
A_NS_3A19,7:47:51,,7,N,,,,,,,
A_NS_3A19,7:49:06,,2,N,,,,,,,
A_NS_3A19,7:51:12,,2,N,,,,,,,
A_NS_3A19,7:51:15,,2,N,,,,,,,
A_NS_3A19,7:51:29,,2,N,,,,,,,
A_NS_3A19,7:51:38,,2,N,,,,,,,
A_NS_3A19,7:52:03,,3,N,,,,,,,
A_NS_3A19,7:52:13,,2,N,,,,,,,
A_NS_3A19,7:52:43,,2,N,,,,,,,
A_NS_3A19,7:52:52,,3,N,,,,,,,
A_NS_3A19,7:54:51,,3,N,,,,,,,
A_NS_3A19,7:55:01,,2,N,,,,,,,
A_NS_3A19,7:55:12,,4,N,,,,,,,
A_NS_3A19,7:55:13,,4,N,,,,,,,
A_NS_3A19,7:55:30,,3,N,,,,,,,
A_NS_3A19,7:56:18,,2,N,,,,,,,
A_NS_3A19,7:56:28,,2,N,,,,,,,
A_NS_3A19,7:57:17,,2,N,,,,,,,
A_NS_3A19,7:57:21,,3,N,,,,,,,
A_NS_3A19,7:57:49,,4,N,,,,,,,
A_NS_3A19,7:57:55,,1,N,,,,,,,
A_NS_3A19,7:58:16,,1,N,,,,,,,
A_NS_1_4A19,8:06:00,,4,N,,,,,,,
A_NS_1_4A19,8:09:00,,4,N,,,,,,,
A_NS_1_4A19,8:09:48,,1,N,,,,,,,
A_NS_1_4A19,8:09:53,,1,N,,,,,,,
A_NS_1_4A19,8:10:17,,4,N,,,,,,,
A_NS_1_4A19,8:12:10,,1,N,,,,,,,
A_NS_1_4A19,8:12:36,,2,N,,,,,,,
A_NS_1_4A19,8:13:42,,1,N,,,,,,,
A_NS_1_4A19,8:14:29,,2,N,,,,,,,
A_NS_1_4A19,8:18:29,,2,N,,,,,,,
A_NS_1_4A19,8:22:27,,4,N,,,,,,,
A_NS_1_4A19,8:24:15,,2,N,,,,,,,
A_NS_1_4A19,8:25:06,,2,N,,,,,,,
A_NS_1_4A19,8:25:09,,2,N,,,,,,,
A_NS_1_4A19,8:25:16,,2,N,,,,,,,
A_NS_1_4A19,8:25:32,,2,N,,,,,,,
A_NS_1_4A19,8:25:44,,2,N,,,,,,,
A_NS_1_4A19,8:26:15,,5,N,,,,,,,
A_01_4A19,8:27:17,sitting,5,Y,,off,Y,,,2 photo,
A_01_4A19,8:27:26,sitting,2,Y,,off,Y,,,photo,
A_01_4A19,8:27:32,sitting,4,Y,,off,,,,stop,
A_01_4A19,8:28:08,sitting,2,N,,off,,,,,
A_01_4A19,8:28:28,sitting,9,N,,off,,,,,
A_01_4A19,8:30:06,sitting,2,N,,off,,,,,
A_01_4A19,8:30:32,sitting,1,N,,off,,,,,
A_01_4A19,8:30:41,sitting,2,N,,off,,,,,
A_01_4A19,8:30:43,sitting,1,N,,off,,,,,
A_01_4A19,8:30:47,sitting,1,N,,off,,,,,
A_01_4A19,8:32:36,sitting,3,N,,off,,,,,
A_01_4A19,8:33:09,sitting,4,Y,,off,,,,stop,
A_01_4A19,8:34:27,sitting,2,Y,,off,,,,stop,
A_01_4A19,8:34:38,sitting,2,Y,,off,Y,,,photo,
A_01_4A19,8:34:52,sitting,2,Y,,off,,,,stop,
A_01_4A19,8:35:02,sitting,4,N,,off,,,,,
A_01_4A19,8:35:58,sitting,2,N,,off,,,,,
A_01_4A19,8:37:37,sitting,3,N,,off,,,,,
A_01_4A19,8:38:00,end,,,,,,,,,
A_NS_2_4A19,8:38:03,,3,N,,,,,,,
A_NS_2_4A19,8:38:25,,2,N,,,,,,,
A_NS_2_4A19,8:38:33,,3,N,,,,,,,
A_NS_2_4A19,8:38:40,,2,N,,,,,,,
A_NS_2_4A19,8:38:53,,2,N,,,,,,,
A_NS_2_4A19,8:39:05,,10,N,,,,,,,
A_NS_2_4A19,8:39:20,,4,N,,,,,,,
A_NS_2_4A19,8:39:25,,1,N,,,,,,,
A_NS_2_4A19,8:40:34,,2,N,,,,,,,
A_NS_2_4A19,8:40:41,,3,N,,,,,,,
A_NS_2_4A19,8:40:45,,2,N,,,,,,,
A_NS_2_4A19,8:41:19,,2,N,,,,,,,
A_NS_2_4A19,8:43:38,,3,N,,,,,,,
A_NS_2_4A19,8:43:48,,1,N,,,,,,,
A_NS_2_4A19,8:43:55,,2,N,,,,,,,
A_NS_2_4A19,8:44:39,,3,N,,,,,,,
A_NS_2_4A19,8:44:50,,2,N,,,,,,,
A_NS_2_4A19,8:44:56,,4,N,,,,,,,
A_NS_2_4A19,8:45:21,,2,N,,,,,,,
A_NS_2_4A19,8:46:00,,3,N,,,,,,,
A_NS_2_4A19,8:46:49,,2,N,,,,,,,
A_NS_2_4A19,8:47:32,,1,N,,,,,,,
A_NS_2_4A19,8:47:50,,2,N,,,,,,,
A_NS_2_4A19,8:47:53,,2,N,,,,,,,
A_NS_2_4A19,8:48:13,,2,N,,,,,,,
A_NS_2_4A19,8:50:40,,1,N,,,,,,,
A_NS_2_4A19,8:51:06,,3,N,,,,,,,
A_NS_2_4A19,8:51:20,,2,N,,,,,,,
A_NS_2_4A19,8:51:44,,9,N,,,,,,,
A_NS_2_4A19,8:51:53,,9,N,,,,,,,
A_NS_2_4A19,8:52:01,,4,N,,,,,,,
A_NS_2_4A19,8:52:45,,4,N,,,,,,,
A_02_4A19,8:52:58,walking,,,,on,,,,,
A_02_4A19,8:53:14,sniffing,,,,on,,,,,
A_02_4A19,8:53:55,sitting,,,,on,,,,,
A_02_4A19,8:54:05,sitting,2,N,,on,,,,,
A_02_4A19,8:55:09,sitting,3,N,,on,,,,,
A_02_4A19,8:55:19,sitting,2,N,,on,,,,,
A_02_4A19,8:55:30,sitting,1,N,,on,,,,,
A_02_4A19,8:55:48,sitting,2,N,,on,,,,,
A_02_4A19,8:55:56,walking,4,N,,off,,,,,
A_02_4A19,8:56:03,sitting,1,Y,,off,,,,stop,
A_02_4A19,8:56:12,sitting,6,N,,off,,,,,
A_02_4A19,8:56:30,sitting,1,Y,,off,,,,stop,
A_02_4A19,8:57:07,sitting,2,N,,off,,,,,
A_02_4A19,8:57:10,sitting,3,N,,off,,,,,
A_02_4A19,8:57:18,sitting,2,N,,off,,,,,
A_02_4A19,8:57:25,sitting,5,N,,off,,,,,
A_02_4A19,8:57:47,sitting,2,Y,,off,Y,,,photo,
A_02_4A19,8:59:03,sitting,2,N,,off,,,,,
A_02_4A19,9:01:04,sitting,2,Y,,off,Y,,,photo,
A_02_4A19,9:02:13,sitting,2,N,,off,,,,,
A_02_4A19,9:02:43,sitting,3,N,,off,,,,,
A_02_4A19,9:02:59,end,,,,,,,,,
Z_01_4A19,8:39:00,staring,,,,on,,,,,
Z_01_4A19,8:42:11,staring,1,N,,on,,,,,
Z_01_4A19,8:43:44,staring,2,N,,on,,,,,
Z_01_4A19,8:44:34,staring,1,N,,on,,,,,
Z_01_4A19,8:44:40,staring,2,N,,on,,,,,
Z_01_4A19,8:45:00,walking,1,N,,on,,,,,
Z_01_4A19,8:45:40,staring,2,N,,on,,,,,
Z_01_4A19,8:46:14,staring,2,Y,,on,Y,,,photo,
Z_01_4A19,8:47:37,staring,2,N,,on,,,,,
Z_01_4A19,8:48:04,licking,3,N,,on,,,,,
Z_01_4A19,8:49:03,end,,,,,,,,,
Z_02_4A19,8:53:40,running,7,N,,on,,,,,
Z_02_4A19,8:54:05,oos,,,,on,,,,,
Z_02_4A19,8:54:20,eating,2,N,,off,,,grass,,
Z_02_4A19,8:55:40,walking,2,N,,off,,,,,
Z_02_4A19,8:56:00,sniffing,2,N,,off,,,,,
Z_02_4A19,8:56:30,running,,,,off,,,,,
Z_02_4A19,8:56:35,oos,,,,off,,,,,
Z_02_4A19,8:56:52,oos,2,N,,off,,,,,
Z_02_4A19,8:57:06,walking,,,,off,,,,,
Z_02_4A19,8:57:29,eating,,,,off,,,seeds,,
Z_02_4A19,8:57:56,running,,,,off,,,,,
Z_02_4A19,8:57:59,oos,,,,off,,,,,
Z_02_4A19,8:58:12,oos,2,N,,off,,,,,
Z_02_4A19,8:58:27,walking,2,N,,off,,,,,
Z_02_4A19,8:58:42,eating,2,N,,off,,,grass,,
Z_02_4A19,8:59:13,eating,1,N,,off,,,,,
Z_02_4A19,8:59:21,walking,5,N,,off,,,,,
Z_02_4A19,8:59:34,staring,,,,off,,,,,
Z_02_4A19,9:00:36,staring,2,N,,off,,,,,
Z_02_4A19,9:00:48,eating,2,N,,off,,,,,
Z_02_4A19,9:01:10,eating,2,N,,off,,,,,
Z_02_4A19,9:01:27,eating,4,N,,off,,,,,
Z_02_4A19,9:02:22,staring,2,N,,off,,,,,
Z_02_4A19,9:02:31,eating,,,,off,,,,,
Z_02_4A19,9:03:01,walking,,,,off,,,,,
Z_02_4A19,9:03:30,end,,,,,,,,,
Z_01_6A19,10:01:00,staring,5,N,,off,,,,,
Z_01_6A19,10:01:37,running,10,Y,,off,Y,,,photo,
Z_01_6A19,10:02:11,running,2,N,,off,,,,,
Z_01_6A19,10:02:46,staring,,,,off,,,,,
Z_01_6A19,10:02:55,staring,4,Y,,off,Y,,,photo,
Z_01_6A19,10:03:01,running,1,Y,,off,Y,,,photo,
Z_01_6A19,10:02:22,running,6,Y,,off,,,,stop and point,
Z_01_6A19,10:03:47,running,11,N,,on,,,,,
Z_01_6A19,10:03:58,staring,,,,on,,,,,
Z_01_6A19,10:04:22,digging,,,,on,,,,,
Z_01_6A19,10:04:43,digging,2,N,,on,,,,,
Z_01_6A19,10:04:47,walking,,,,on,,,,,
Z_01_6A19,10:05:05,walking,11,Y,,on,Y,,,photo,
Z_01_6A19,10:05:38,walking,4,N,,on,,,,,
Z_01_6A19,10:05:40,staring,6,N,,on,,,,,
Z_01_6A19,10:05:45,staring,3,N,,on,,,,,
Z_01_6A19,10:06:05,sniffing,4,N,,on,,,,,
Z_01_6A19,10:06:22,sniffing,3,Y,,on,Y,,,photo,
Z_01_6A19,10:06:42,eating,,,,on,,,,,
Z_01_6A19,10:07:24,eating,1,N,,on,,,,,
Z_01_6A19,10:07:37,walking,,,,on,,,,,
Z_01_6A19,10:07:48,walking,8,Y,,on,,,,stop,
Z_01_6A19,10:08:06,itching,9,N,,on,,,,,
Z_01_6A19,10:08:16,walking,,,,on,,,,,
Z_01_6A19,10:08:18,staring,,,,on,,,,,
Z_01_6A19,10:08:30,staring,1,Y,,on,,,,stop,
Z_01_6A19,10:08:39,staring,2,Y,,on,Y,,,photo,
Z_01_6A19,10:08:50,walking,2,N,,on,,,,,
Z_01_6A19,10:09:47,walking,,,,off,,,,,
Z_01_6A19,10:10:13,walking,5,Y,,off,Y,,,photo,
Z_01_6A19,10:10:23,walking,3,Y,,off,,,,"stop, kid almost throws a rock at the squirrel but his dad grabs his arm and stops him",
Z_01_6A19,10:10:58,oos/end,,,,,,,,,
Z_02_6A19,10:15:00,chasing,,,yes,off,,,,,
Z_02_6A19,10:15:30,staring,,,,off,,,,,
Z_02_6A19,10:15:45,walking,9,N,,off,,,,,
Z_02_6A19,10:16:04,eating,,,,off,,,leaf,,
Z_02_6A19,10:16:31,eating,3,N,,off,,,,,
Z_02_6A19,10:16:51,eating,2,N,,off,,,,,
Z_02_6A19,10:17:08,eating,1,N,,off,,,,,
Z_02_6A19,10:17:59,eating,11,N,,off,,,,,
Z_02_6A19,10:18:00,walking,,,,off,,,,,
Z_02_6A19,10:18:32,walking,4,N,,off,,,,,
Z_02_6A19,10:18:55,oos,,,,off,,,,,
Z_02_6A19,10:20:00,end,,,,,,,,,
Z_03_6A19,10:20:14,eating,,,,off,,,grass,,
Z_03_6A19,10:20:45,eating,15,N,,off,,,,,
Z_03_6A19,10:21:17,eating,3,N,,off,,,,,
Z_03_6A19,10:22:18,eating,5,N,,off,,,,,
Z_03_6A19,10:22:38,eating,2,N,,off,,,,,
Z_03_6A19,10:22:59,eating,2,N,,off,,,,,
Z_03_6A19,10:23:09,eating,12,N,,off,,,,,
Z_03_6A19,10:24:34,eating,15,N,,off,,,,,
Z_03_6A19,10:24:41,walking,,,,off,,,,,
Z_03_6A19,10:24:49,eating,,,,off,,,grass,,
Z_03_6A19,10:25:04,eating,20,N,,off,,,,,
Z_03_6A19,10:25:27,eating,2,N,,off,,,,,
Z_03_6A19,10:25:44,eating,,,,off,,,,,
Z_03_6A19,10:25:59,staring,,,,off,,,,,
Z_03_6A19,10:26:06,eating,,,,off,,,grass,,
Z_03_6A19,10:26:30,eating,4,N,,off,,,,,
Z_03_6A19,10:26:58,itching,,,,off,,,,,
Z_03_6A19,10:27:09,sniffing,,,,off,,,,,
Z_03_6A19,10:27:15,eating,,,,off,,,,,
Z_03_6A19,10:27:50,sniffing,,,,off,,,,,
Z_03_6A19,10:28:02,eating,,,,off,,,grass,,
Z_03_6A19,10:28:09,eating,1,N,,off,,,,,
Z_03_6A19,10:28:14,eating,4,N,,off,,,,,
Z_03_6A19,10:28:47,sniffing,,,,off,,,,,
Z_03_6A19,10:29:02,eating,,,,off,,,,,
Z_03_6A19,10:29:08,digging,,,,off,,,,,
Z_03_6A19,10:29:10,eating,,,,off,,,,,
Z_03_6A19,10:29:19,sniffing,,,,off,,,,,
Z_03_6A19,10:29:26,eating,,,,off,,,,,
Z_03_6A19,10:29:45,sniffing,2,N,,off,,,,,
Z_03_6A19,10:30:08,end,,,,,,,,,
Z_04_6A19,10:41:12,staring,6,Y,,off,Y,,,photo,
Z_04_6A19,10:41:34,staring,4,Y,,off,Y,,,photo,
Z_04_6A19,10:41:45,staring,3,N,,off,,,,,
Z_04_6A19,10:41:51,staring,6,Y,,off,,,,stop and talk about how fat the squirrel is,
Z_04_6A19,10:42:06,staring,7,N,,off,,,,,
Z_04_6A19,10:42:15,staring,4,N,,off,,,,,
Z_04_6A19,10:42:34,staring,1,N,,off,,,,,
Z_04_6A19,10:43:10,walking,,,,off,,,,,
Z_04_6A19,10:43:32,walking,,,,on,,,,,
Z_04_6A19,10:43:37,sniffing,,,,on,,,,,
Z_04_6A19,10:43:57,staring,,,,on,,,,,
Z_04_6A19,10:44:04,walking,,,,on,,,,,
Z_04_6A19,10:44:16,eating,,,,on,,,grass,,
Z_04_6A19,10:44:23,eating,3,Y,,on,,,,stop,
Z_04_6A19,10:44:33,eating,2,N,,on,,,,,
Z_04_6A19,10:44:41,staring,2,N,,on,,,,,
Z_04_6A19,10:44:52,staring,5,Y,,on,,,,stop,
Z_04_6A19,10:45:03,walking,,,,on,,,,,
Z_04_6A19,10:45:14,digging,,,,on,,,,,
Z_04_6A19,10:45:31,walking,3,Y,,on,,,,"scares the hikers by sneaking up on them, they yell and run away",
Z_04_6A19,10:45:39,begging,4,N,,on,,,,,
Z_04_6A19,10:45:52,begging,6,N,,on,,,,,
Z_04_6A19,10:46:07,walking,,,,off,,,,,
Z_04_6A19,10:46:18,staring,8,Y,,off,Y,,,photo,
Z_04_6A19,10:46:37,staring,4,N,,off,,,,,
Z_04_6A19,10:46:44,staring,8,N,,off,,,,,
Z_04_6A19,10:47:01,staring,2,N,,off,,,,,
Z_04_6A19,10:47:25,staring,2,N,,off,,,,,
Z_04_6A19,10:47:32,staring,7,N,,off,,,,,
Z_04_6A19,10:47:40,staring,3,N,,off,,,,,
Z_04_6A19,10:47:49,staring,4,N,,off,,,,,
Z_04_6A19,10:48:32,sniffing,,,,off,,,,,
Z_04_6A19,10:48:43,walking,4,N,,off,,,,,
Z_04_6A19,10:48:54,walking,3,N,,on,,,,,
Z_04_6A19,10:49:09,walking,1,Y,,on,Y,,,photo,
Z_04_6A19,10:49:16,walking,8,Y,,on,Y,,,photo,
Z_04_6A19,10:49:35,walking,15,N,,on,,,,,
Z_04_6A19,10:49:56,oos,,,,on,,,,,
Z_04_6A19,10:50:30,end,17,N,,,,,,,
Z_05_6A19,10:56:35,sitting,13,N,,off,,,,,
Z_05_6A19,10:56:50,sitting,6,N,,off,,,,,
Z_05_6A19,10:57:06,sitting,4,N,,off,,,,,
Z_05_6A19,10:57:13,sitting,2,N,,off,,,,,
Z_05_6A19,10:58:16,sitting,4,N,,off,,,,,
Z_05_6A19,10:58:35,sitting,7,N,,off,,,,,
Z_05_6A19,10:58:52,sitting,3,N,,off,,,,,
Z_05_6A19,10:59:03,sitting,3,N,,off,,,,,
Z_05_6A19,10:59:21,sitting,4,N,,off,,,,,
Z_05_6A19,10:59:44,sitting,5,N,,off,,,,,
Z_05_6A19,10:59:57,sitting,2,Y,,off,,,,girl climbs up rock to look at squirrel,
Z_05_6A19,11:00:35,sitting,6,Y,,off,,,,stop and point,
Z_05_6A19,11:00:48,sitting,2,N,,off,,,,,
Z_05_6A19,11:01:05,sitting,5,N,,off,,,,,
Z_05_6A19,11:01:12,sitting,3,N,,off,,,,,
Z_05_6A19,11:01:20,sitting,4,N,,off,,,,,
Z_05_6A19,11:01:40,sitting,2,N,,off,,,,,
Z_05_6A19,11:01:53,sitting,3,N,,off,,,,,
Z_05_6A19,11:01:57,sitting,4,N,,off,,,,,
Z_05_6A19,11:02:19,sitting,5,N,,off,,,,,
Z_05_6A19,11:02:30,sitting,6,N,,off,,,,,
Z_05_6A19,11:02:44,sitting,1,N,,off,,,,,
Z_05_6A19,11:03:08,sitting,3,N,,off,,,,,
Z_05_6A19,11:03:21,sitting,6,N,,off,,,,,
Z_05_6A19,11:03:30,sitting,7,N,,off,,,,,
Z_05_6A19,11:03:41,sitting,5,N,,off,,,,,
Z_05_6A19,11:03:56,sitting,7,N,,off,,,,,
Z_05_6A19,11:04:15,sitting,2,N,,off,,,,,
Z_05_6A19,11:04:24,sitting,3,N,,off,,,,,
Z_05_6A19,11:04:34,sitting,1,N,,off,,,,,
Z_05_6A19,11:04:57,sitting,3,N,,off,,,,,
Z_05_6A19,11:05:11,sitting,3,N,,off,,,,,
Z_05_6A19,11:05:24,sitting,4,N,,off,,,,,
Z_05_6A19,11:05:30,sitting,6,N,,off,,,,,
Z_05_6A19,11:05:39,sitting,3,N,,off,,,,,
Z_05_6A19,11:05:47,sitting,3,N,,off,,,,,
Z_05_6A19,11:05:55,sitting,4,N,,off,,,,,
Z_05_6A19,11:06:05,end,,,,,,,,,
Z_06_6A19,11:07:09,eating,11,Y,,on,,,candy?,,
Z_06_6A19,11:08:04,walking,,,,off,,,,,
Z_06_6A19,11:08:22,walking,7,N,,off,,,,,
Z_06_6A19,11:08:32,oos,,,,off,,,,,
Z_06_6A19,11:09:02,end,,,,,,,,,
Z_07_6A19,11:10:47,staring,,,,off,,,,,
Z_07_6A19,11:11:03,walking,5,N,,off,,,,,
Z_07_6A19,11:11:15,,6,N,,off,,,,,
Z_07_6A19,11:11:23,walking,8,N,,off,,,,,
Z_07_6A19,11:11:36,itching,,,,off,,,,,
Z_07_6A19,11:11:41,walking,,,,off,,,,,
Z_07_6A19,11:12:03,,5,N,,off,,,,,
Z_07_6A19,11:12:27,,7,N,,off,,,,,
Z_07_6A19,11:12:49,,9,N,,off,,,,,
Z_07_6A19,11:12:58,staring,,,,off,,,,,
Z_07_6A19,11:13:07,,6,N,,off,,,,,
Z_07_6A19,11:13:19,,2,Y,,off,,,,,
Z_07_6A19,11:13:26,,4,N,,off,,,,stop to look,
Z_07_6A19,11:13:54,,3,N,,off,,,,,
Z_07_6A19,11:14:05,,3,N,,off,,,,,
Z_07_6A19,11:14:13,,1,N,,off,,,,,
Z_07_6A19,11:14:27,,5,N,,off,,,,,
Z_07_6A19,11:14:39,,1,N,,off,,,,,
Z_07_6A19,11:14:47,,4,N,,off,,,,,
Z_07_6A19,11:15:14,,1,Y,,off,yes,,,,
Z_07_6A19,11:16:26,,5,N,,off,,,,,
Z_07_6A19,11:16:33,,1,N,,off,,,,,
Z_07_6A19,11:16:40,,4,N,,off,,,,,
Z_07_6A19,11:16:47,running,,,,off,,,,,
Z_07_6A19,11:16:54,oos,,,,off,,,,,
Z_07_6A19,11:17:12,staring,12,N,,off,,,,,
Z_07_6A19,11:17:50,digging,,,,off,,,,,
Z_07_6A19,11:17:54,walking,,,,off,,,,,
Z_07_6A19,11:18:04,,3,Y,,off,yes,,,,
Z_07_6A19,11:18:31,,7,Y,,off,,,,stopped,
Z_07_6A19,11:19:00,,6,N,,off,,,,,
Z_07_6A19,11:19:24,,13,N,,off,,,,,
Z_07_6A19,11:19:50,,4,N,,off,,,,,
Z_07_6A19,11:19:58,,3,N,,off,,,,,
Z_07_6A19,11:20:00,end,,,,off,,,,,
Z_08_6A19,11:24:36,eating,1,N,,off,,,grass,,
Z_08_6A19,11:24:46,walking,2,N,,off,,,,,
Z_08_6A19,11:25:06,itching,,,,off,,,,,
Z_08_6A19,11:25:18,walking ,,,,off,,,,,
Z_08_6A19,11:25:44,,7,N,,off,,,,,
Z_08_6A19,11:26:00,eating,8,N,,off,,,grass,,
Z_08_6A19,11:26:21,walking ,,,,off,,,,,
Z_08_6A19,11:26:42,oos,,,,off,,,,,
Z_08_6A19,11:27:00,end,,,,,,,,,
Z_09_6A19,11:38:39,eating,,,,off,,,grass,two feet from trail? ,
Z_09_6A19,11:39:01,,20,N,,off,,,,,
Z_09_6A19,11:39:20,staring,11,N,,off,,,,,
Z_09_6A19,11:39:27,eating,,,,off,,,leaf,,
Z_09_6A19,11:39:45,chasing,,,yes,off,,,,,
Z_09_6A19,11:39:50,eating,6,Y,,off,yes,,grass,,
Z_09_6A19,11:40:08,,7,N,,off,,,,,
Z_09_6A19,11:40:33,,,,,off,,,,,
Z_09_6A19,11:40:39,running,4,Y,,off,,,,stop and point,
Z_09_6A19,11:40:44,eating,2,N,,off,,,grass,,
Z_09_6A19,11:41:16,,4,N,,off,,,,,
Z_09_6A19,11:41:24,,10,N,,off,,,,,
Z_09_6A19,11:41:45,staring,6,N,,off,,,,,
Z_09_6A19,11:41:50,running,,,,off,,,,,
Z_09_6A19,11:42:02,eating,20,Y,,off,,,grass,4 stop,
Z_09_6A19,11:42:31,eating,,,,off,,,chewing plastic bottle cap,,
Z_09_6A19,11:42:41,,2,N,,off,,,,,
Z_09_6A19,11:43:09,,7,N,,off,,,,,
Z_09_6A19,11:43:44,,3,N,,off,,,,,
Z_09_6A19,11:43:54,,2,,,off,,,,,
Z_09_6A19,11:44:07,licking,,,,off,,,,,
Z_09_6A19,11:44:13,chewing,4,N,,off,,,plastic cap,,
Z_09_6A19,11:44:20,eating,,,,off,,,grass,,
Z_09_6A19,11:44:26,running,,,,off,,,,,
Z_09_6A19,11:44:35,,,,,on,,,,,
Z_09_6A19,11:44:40,sniffing ,,,,on,,,,,
Z_09_6A19,11:44:49,eating,3,N,,on,,,grass,,
Z_09_6A19,11:45:01,staring ,,,,on,,,,,
Z_09_6A19,11:45:21,sniffing; tail wag ,,,,on,,,,,
Z_09_6A19,11:45:31,,3,N,,on,,,,,
Z_09_6A19,11:45:38,,11,N,,on,,,,,
Z_09_6A19,11:45:53,walking ,2,N,,on,,,,,
Z_09_6A19,11:46:20,,2,N,,on,,,,,
Z_09_6A19,11:46:35,,5,Y,,on,yes,,,,
Z_09_6A19,11:46:48,,8,N,,on,,,,,
Z_09_6A19,11:47:08,sniffing,,,,on,,,,,
Z_09_6A19,11:47:30,,2,N,,on,,,,,
Z_09_6A19,11:47:43,,2,N,,on,,,,,
Z_09_6A19,11:47:49,,2,N,,on,,,,,
Z_09_6A19,11:48:00,,1,N,,on,,,,,
Z_09_6A19,11:48:05,end,,,,,,,,,
Z_01_7A19,13:59:08,climbing,8,N,,off,,,,,
Z_01_7A19,14:00:08,eating,4,N,,off,,,leaf,,
Z_01_7A19,14:01:03,,5,N,,off,,,,,
Z_01_7A19,14:01:18,climbing,5,N,,off,,,,,
Z_01_7A19,14:01:30,,6,N,,off,,,,,
Z_01_7A19,14:01:45,,3,N,,off,,,,,
Z_01_7A19,14:01:47,,4,N,,off,,,,,
Z_01_7A19,14:02:02,,8,Y,,off,,,leaf,,
Z_01_7A19,14:02:10,eating,4,Y,,off,,,,stop,
Z_01_7A19,14:02:21,climbing,,,,off,,,,,
Z_01_7A19,14:02:34,,3,Y,,off,Y,,,extends hand,
Z_01_7A19,14:02:44,stand,,,,off,,,,,
Z_01_7A19,14:02:51,,,,,off,,,,,
Z_01_7A19,14:03:03,begging,,,,off,,,,,
Z_01_7A19,14:03:27,sniffing,2,N,,off,,,,,
Z_01_7A19,14:03:35,laying,,,,off,,,,,
Z_01_7A19,14:03:47,itching,2,N,,off,,,,,
Z_01_7A19,14:03:55,digging,,,,off,,,,,
Z_01_7A19,14:04:04,eating,,,,off,,,,,
Z_01_7A19,14:04:16,sniffing,,,,off,,,,,
Z_01_7A19,14:04:27,digging,,,,off,,,,,
Z_01_7A19,14:04:36,,2,N,,off,,,,,
Z_01_7A19,14:04:48,sitting,,,,off,,,,,
Z_01_7A19,14:04:57,digging,,,,off,,,,,
Z_01_7A19,14:05:03,itching,,,,off,,,,,
Z_01_7A19,14:05:10,climbing,4,N,,off,,,,,
Z_01_7A19,14:05:27,,8,N,,off,,,,,
Z_01_7A19,14:05:43,,4,N,,off,,,,,
Z_01_7A19,14:05:57,,2,N,,off,,,,,
Z_01_7A19,14:06:37,,1,N,,off,,,,,
Z_01_7A19,14:06:38,staring ,,,,off,,,,,
Z_01_7A19,14:06:49,climbing,10,N,,off,,,,,
Z_01_7A19,14:07:14,,1,N,,off,,,,,
Z_01_7A19,14:07:43,,2,N,,off,,,,,
Z_01_7A19,14:08:15,eating,5,N,,off,,,leaf,,
Z_01_7A19,14:08:28,,11,N,,off,,,,,
Z_01_7A19,14:08:53,,21,N,,off,,,,,
Z_01_7A19,14:09:18,end,,,,,,,,,
Z_02_7A19,14:13:34,walking,10,N,,off,,,,,
Z_02_7A19,14:13:52,,5,N,,,,,,,
Z_02_7A19,14:14:20,oos,26,N,,,,,,,
Z_02_7A19,14:14:30,walking,15,N,,,,,,,
Z_02_7A19,14:15:32,sniffing,8,N,,,,,,,
Z_02_7A19,14:16:16,eating,4,N,,,,,,,
Z_02_7A19,14:16:39,,5,N,,,,,,,
Z_02_7A19,14:17:06,sniffing,7,N,,,,,,,
Z_02_7A19,14:17:25,digging,1,N,,,,,,,
Z_02_7A19,14:17:33,sniffing,,,,,,,,,
Z_02_7A19,14:17:55,,3,N,,,,,,,
Z_02_7A19,14:18:01,,8,N,,,,,,,
Z_02_7A19,14:18:11,,3,N,,,,,,,
Z_02_7A19,14:18:22,,2,N,,,,,,,
Z_02_7A19,14:18:38,,1,N,,,,,,,
Z_02_7A19,14:18:53,sitting,1,N,,,,,,,
Z_02_7A19,14:19:11,running,3,N,,,,,,,
Z_02_7A19,14:19:46,sniffing,2,N,,,,,,,
Z_02_7A19,14:20:00,eating,2,N,,,,,,,
Z_02_7A19,14:20:19,sniffing,,,,,,,,,
Z_02_7A19,14:20:26,,3,N,,,,,,,
Z_02_7A19,14:20:46,digging,3,N,,,,,,,
Z_02_7A19,14:20:57,sniffing,2,N,,,,,,,
Z_02_7A19,14:21:28,,5,N,,,,,,,
Z_02_7A19,14:21:43,,13,N,,,,,,,
Z_02_7A19,14:22:06,,,,,,,,,,
Z_02_7A19,14:22:11,,4,N,,,,,,,
Z_02_7A19,14:22:30,,6,N,,,,,,,
Z_02_7A19,14:22:41,,8,N,,,,,,,
Z_02_7A19,14:22:48,,9,N,,,,,,,
Z_02_7A19,14:23:00,end,,,,,,,,,
Z_03_7A19,14:29:07,sniffing,4,N,,off,,,,near man on bench,
Z_03_7A19,14:29:32,begging,8,Y,,,yes,,,,
Z_03_7A19,14:29:41,staring,,,,,,,,,
Z_03_7A19,14:29:55,sniffing,,,,,,,,,
Z_03_7A19,14:30:15,eating,11,N,,,,,raisin,,
Z_03_7A19,14:30:35,,3,N,,,,,,,
Z_03_7A19,14:30:42,laying ,,,,,,,,,
Z_03_7A19,14:30:49,sniffing,8,N,,,,,,,
Z_03_7A19,14:30:58,,5,N,,,,,,,
Z_03_7A19,14:31:06,,7,Y,,,,,,point,
Z_03_7A19,14:31:44,,2,N,,,,,,,
Z_03_7A19,14:31:58,itching,,,,,,,,,
Z_03_7A19,14:32:03,sniffing,4,N,,,,,,,
Z_03_7A19,14:32:19,,4,N,,off,,,,,
Z_03_7A19,14:32:38,,1,N,,,,,,,
Z_03_7A19,14:32:44,laying,,,,,,,,on rock,
Z_03_7A19,14:32:52,,4,N,,off,,,,,
Z_03_7A19,14:33:14,,2,Y,,,yes,,,,
Z_03_7A19,14:33:25,,2,Y,,,,,,,
Z_03_7A19,14:33:35,running,,,,on,,,,,
Z_03_7A19,14:34:11,,1,N,,,,,,,
Z_03_7A19,14:34:20,,3,N,,off,,,,,
Z_03_7A19,14:34:20,,,,,off,,,,,
Z_03_7A19,14:34:23,eating,,,,,,,,,
Z_03_7A19,14:34:31,running,1,N,,,,,,tutting?,
Z_03_7A19,14:34:52,,,,,,,,,,
Z_03_7A19,14:35:16,,2,N,,on,,,,,
Z_03_7A19,14:35:36,,7,N,,,,,,,
Z_03_7A19,14:35:40,standing,10,Y,,,,Y,,pet,
Z_03_7A19,14:36:17,running,20,N,,,,,,,
Z_03_7A19,14:36:26,laying,10,N,,,,,,,
Z_03_7A19,14:36:35,running,8,N,,,,,,,
Z_03_7A19,14:36:42,oos,,,,,,,,,
Z_03_7A19,14:37:10,walking,7,N,,,,,,,
Z_03_7A19,14:37:18,laying,4,N,,,,,,,
Z_03_7A19,14:37:27,,1,N,,,,,,,
Z_03_7A19,14:37:56,itching,,,,,,,,,
Z_03_7A19,14:38:09,eating,,,,,,,leaf,,
Z_03_7A19,14:38:17,sitting,,,,,,,,,
Z_03_7A19,14:38:42,,11,N,,,,,,,
Z_03_7A19,14:39:10,end,,,,,,,,,
Z_04_7A19,14:44:00,,3,Y,,,,Y,,petting,
Z_04_7A19,14:44:34,walking,4,N,,on,,,,,
Z_04_7A19,14:44:40,,1,N,,,,,,,
Z_04_7A19,14:44:49,,5,N,,,,,,,
Z_04_7A19,14:45:06,sniffing,6,N,,,,,,,
Z_04_7A19,14:45:22,staring,2,N,,,,,,,
Z_04_7A19,14:45:29,sniffing ,,,,,,,,,
Z_04_7A19,14:45:38,,6,N,,off,,,,,
Z_04_7A19,14:46:01,,2,N,,,,,,,
Z_04_7A19,14:46:36,,2,N,,,,,,,
Z_04_7A19,14:47:00,,7,N,,,,,,,
Z_04_7A19,14:47:21,oos,,,,,,,,,
Z_04_7A19,14:47:33,sniffing,3,N,,,,,,,
Z_04_7A19,14:48:07,,2,N,,,,,,,
Z_04_7A19,14:48:15,running,10,N,,,,,,,
Z_04_7A19,14:48:27,,5,N,,off,,,,,
Z_04_7A19,14:48:37,eating,,,,,,,grass,,
Z_04_7A19,14:48:49,,2,N,,,,,,,
Z_04_7A19,14:48:55,,6,N,,,,,,,
Z_04_7A19,14:49:03,,3,N,,,,,,,
Z_04_7A19,14:49:19,,10,N,,,,,,,
Z_04_7A19,14:49:20,sit,,,,,,,,,
Z_04_7A19,14:49:30,walking,5,N,,,,,,,
Z_04_7A19,14:49:51,,4,N,,,,,,,
Z_04_7A19,14:50:00,,2,Y,,,,,,shoo,
Z_04_7A19,14:50:13,,1,Y,,,,,,offers stick,
Z_04_7A19,14:50:31,itching,,,,,,,,,
Z_04_7A19,14:50:42,sniffing,5,N,,,,,,,
Z_04_7A19,14:51:36,,,,,on,,,,,
Z_04_7A19,14:51:58,running,,,,off,,,,,
Z_04_7A19,14:52:11,,2,N,,,,,,,
Z_04_7A19,14:52:18,oos,,,,,,,,,
Z_04_7A19,14:52:28,walking,2,N,,,,,,,
Z_04_7A19,14:54:00,end,,,,,,,,,
Z_01_8A19,18:14:12,walking,,,,,,,,visitor center,
Z_01_8A19,18:14:31,sniffing ,,,,,,,,,
Z_01_8A19,18:14:38,staring,,,,,,,,,
Z_01_8A19,18:14:50,running,,,,,,,,,
Z_01_8A19,18:15:03,,,,,,,,,,
Z_01_8A19,18:15:34,oos,,,,,,,,,
Z_01_8A19,18:17:00,end,,,,,,,,,
Z_02_8A19,18:22:08,running,,,,,,,,,
Z_02_8A19,18:23:33,oos,,,,in bush,,,,,
Z_02_8A19,18:24:00,end,,,,,,,,,
Z_03_8A19,18:27:45,staring,,,,on rock,,,,,
Z_03_8A19,18:29:43,standing,,,,,,,,,
Z_03_8A19,18:31:44,,3,,,,,,,people on bikes,
Z_03_8A19,18:32:04,running,,,,,,,,,
Z_03_8A19,18:32:12,drinking,,,,,,,,,
Z_03_8A19,18:32:23,sitting,,,,,,,,,
Z_03_8A19,18:32:48,walking,,,,,,,,,
Z_03_8A19,18:32:59,chasing,,,yes,,,,,being chased,
Z_03_8A19,18:33:05,oos,,,,,,,,,
Z_03_8A19,18:33:28,standing,,,,,,,,,
Z_03_8A19,18:33:45,walking,,,,,,,,,
Z_03_8A19,18:33:50,eating,,,,,,,,,
Z_03_8A19,18:34:01,walking,,,,,,,,,
Z_03_8A19,18:34:10,sniffing,1,,,,,,,,
Z_03_8A19,18:34:19,climbing,,,,tree,,,,tree,
Z_03_8A19,18:35:07,sitting,,,,,,,,,
Z_03_8A19,18:35:31,eating,,,,,,,leaf,,
Z_03_8A19,18:37:00,end,,,,,,,,,
Z_01_9A19,no squirrels,,,,,,,,,,
Z_01_10A19,15:11:08,eating,,,,,,,,by picnic tables,
Z_01_10A19,15:11:30,sniffing,,,,,,,,,
Z_01_10A19,15:12:34,laying,,,,,,,,,
Z_01_10A19,15:12:42,walking,,,,,,,,,
Z_01_10A19,15:12:50,sitting,,,,,,,,,
Z_01_10A19,15:13:01,sniffing ,,,,,,,,,
Z_01_10A19,15:13:20,running,,,,,,,,,
Z_01_10A19,15:13:36,sitting,,,,,,,,,
Z_01_10A19,15:13:45,running,,,,,,,,,
Z_01_10A19,15:14:00,oos/end,,,,,,,,,
Z_02_10A19,15:15:46,eating,,,,,,,chips,dumpster chips,
Z_02_10A19,15:16:10,sniffing,,,,,,,,,
Z_02_10A19,15:16:20,upper body in dumpster,,,,,,,,,
Z_02_10A19,15:17:05,laying,,,,,,,,,
Z_02_10A19,15:17:26,running,,,,,,,,,
Z_02_10A19,15:17:45,oos,,,,,,,,,
Z_02_10A19,15:18:00,end,,,,,,,,,
Z_03_10A19,15:34:00,running,,,,,,,,,
Z_03_10A19,15:35:15,sitting,,,,,,,,,
Z_03_10A19,15:35:29,oos,,,,,,,,,
Z_03_10A19,15:36:00,end,,,,,,,,,
Z_04_10A19,15:37:10,running,,,,,,,,across road,
Z_04_10A19,15:38:08,running,,,,,,,,,
Z_04_10A19,15:39:35,gets into burrow uinder tress,,,,,,,,,
Z_04_10A19,15:39:40,oos,,,,,,,,,
Z_04_10A19,15:40:00,end,,,,,,,,,
Z_05_10A19,15:46:00,running,,,,,,,,in/around bushes,
Z_05_10A19,15:46:20,sitting,,,,,,,,,
Z_05_10A19,15:46:30,sniffing,,,,,,,,,
Z_05_10A19,15:47:01,walking,,,,,,,,,
Z_05_10A19,15:47:05,sitting,,,,,,,,,
Z_05_10A19,15:48:00,oos,,,,,,,,,
Z_05_10A19,15:50:40,end,,,,,,,,,
Z_06_10A19,16:39:00,running,,,,,,,,in/around bushes,
Z_06_10A19,16:39:47,sitting,,,,,,,,,
Z_06_10A19,16:40:19,running,,,,,,,,,
Z_06_10A19,16:41:15,running,,,,,,,,,
Z_06_10A19,16:42:03,oos,,,,,,,,,
Z_06_10A19,16:43:00,end,,,,,,,,,
Z_01_11A19,17:46:08,eating,5,,,,,,grass,side of road,
Z_01_11A19,17:46:40,,7,,,,,,,,
Z_01_11A19,17:56:00,end,,,,,,,,,
Z_02_11A19,18:06:00,running,,,,,,,,around trailer,
Z_02_11A19,18:07:01,climbing/oos,,,,,,,,hops onto underside of RV,
Z_02_11A19,18:08:01,end,,,,,,,,,
Z_03_11A19,18:13:00,sitting,,,,,,,,"next to RV, two ppl eating w/in 5 ft",
Z_03_11A19,18:15:00,runs away when someone gets up,,,,,,,,,
Z_03_11A19,18:15:30,oos,,,,,,,,,
Z_03_11A19,18:16:00,end,,,,,,,,,
Z_04_11A19,18:23:04,eating,,,,,,,grass,by road ,
Z_04_11A19,18:23:20,walking,,,,,,,,across road,
Z_04_11A19,18:23:49,standing,,,,,,,,,
Z_04_11A19,18:23:57,walking,,,,,,,,in bushes,
Z_04_11A19,18:24:26,oos,,,,,,,,,
Z_04_11A19,18:25:00,end,,,,,,,,,
Z_01_12A19,11:34:41,sniffing,,,,,,,,under picnic table,
Z_01_12A19,11:35:40,running,,,,,,,,,
Z_01_12A19,11:35:49,oos/end,,,,,,,,,
Z_02_12A19,11:36:23,laying,,,,,,,,by table,
Z_02_12A19,11:37:29,running,,,,,,,,,
Z_02_12A19,11:37:44,eating,,,,,,,leaf,,
Z_02_12A19,11:37:57,walking ,,,,,,,,,
Z_02_12A19,11:38:07,sitting,,,,,,,,in shaded area,
Z_02_12A19,11:40:12,walking,,,,,,,,through buses,
Z_02_12A19,11:40:30,oos,,,,,,,,,
Z_02_12A19,11:41:00,end,,,,,,,,,
Z_03_12A19,11:54:51,licking,,,,,,,,by bathrooms,
Z_03_12A19,11:55:07,eating,,,,,,,,,
Z_03_12A19,11:55:20,sitting,,,,,,,,,
Z_03_12A19,11:55:34,running,,,,,,,,,
Z_03_12A19,11:55:40,oos,,,,,,,,,
Z_03_12A19,11:56:00,end,,,,,,,,,
Z_04_12A19,11:59:40,sniffing,,,,,,,,under canopy,
Z_04_12A19,11:59:58,chasing,,,yes,,,,,being chased,
Z_04_12A19,12:00:00,walking,,,,,,,,,
Z_04_12A19,12:00:24,sniffing,,,,,,,,,
Z_04_12A19,12:00:49,rolling,,,,,,,,,
Z_04_12A19,12:01:05,running,,,,,,,,,
Z_04_12A19,12:01:20,oos,,,,,,,,,
Z_04_12A19,12:02:00,end,,,,,,,,,
Z_05_12A19,12:21:00,laying,,,,,,,,under car,
Z_05_12A19,12:24:05,running,,,,,,,,,
Z_05_12A19,12:24:30,oos,,,,,,,,,
Z_05_12A19,12:25:00,end,,,,,,,,,
A_NS_6A19,10:06:00,,4,N,,,,,,riverwalk,
A_NS_6A19,10:06:35,,4,N,,,,,,,
A_NS_6A19,10:06:54,,5,N,,,,,,,
A_NS_6A19,10:07:09,,1,N,,,,,,,
A_NS_6A19,10:07:37,,3,N,,,,,,,
A_NS_6A19,10:07:53,,2,N,,,,,,,
A_NS_6A19,10:08:54,,2,N,,,,,,,
A_NS_6A19,10:09:10,,4,N,,,,,,,
A_NS_6A19,10:10:04,,2,N,,,,,,,
A_NS_6A19,10:10:36,,1,N,,,,,,,
A_NS_6A19,10:11:15,,2,N,,,,,,,
A_NS_6A19,10:11:57,,7,N,,,,,,,
A_NS_6A19,10:11:58,,2,N,,,,,,,
A_NS_6A19,10:12:04,,2,N,,,,,,,
A_NS_6A19,10:12:16,,3,N,,,,,,,
A_NS_6A19,10:12:18,,3,N,,,,,,,
A_NS_6A19,10:13:12,,2,N,,,,,,,
A_01_6A19,10:13:41,eating,10,Y,,off,yes,,orange,stop/ pics,
A_01_6A19,10:14:54,sniffing,4,Y,,,yes,,,stop pics,
A_01_6A19,10:15:15,chewing,2,N,,,,,,,
A_01_6A19,10:15:31,,2,N,,,,,,,
A_01_6A19,10:15:34,,6,Y,,,yes,,,stop pics,
A_01_6A19,10:15:43,,2,N,,,,,,,
A_01_6A19,10:15:50,,3,N,,,,,,,
A_01_6A19,10:16:03,,5,N,,,,,,,
A_01_6A19,10:16:07,still,4,N,,,,,,,
A_01_6A19,10:16:26,chewing,4,Y,,,yes,,,stop pics,
A_01_6A19,10:16:42,,10,N,,,,,,,
A_01_6A19,10:16:52,,2,N,,,,,,,
A_01_6A19,10:17:14,itching,,,,,,,,,
A_01_6A19,10:17:24,chewing,2,N,,,,,,,
A_01_6A19,10:17:30,itching,2,N,,,,,,,
A_01_6A19,10:17:40,still,,,,,,,,,
A_01_6A19,10:17:56,moving,3,N,,,,,,,
A_01_6A19,10:18:32,,4,N,,on,,,,,
A_01_6A19,10:18:50,still,2,N,,,,,,,
A_01_6A19,10:19:04,,2,N,,,,,,,
A_01_6A19,10:19:16,,2,N,,,,,,,
A_01_6A19,10:19:29,,1,N,,,,,,,
A_01_6A19,10:19:42,,2,N,,,,,,,
A_01_6A19,10:19:55,moving,,,,,,,,,
A_01_6A19,10:20:04,still,5,N,,off,,,,,
A_01_6A19,10:20:16,,2,N,,,,,,,
A_01_6A19,10:20:21,,2,N,,,,,,,
A_01_6A19,10:20:35,itching still,15,N,,,,,,,
A_01_6A19,10:20:39,moving,,,,,,,,,
A_01_6A19,10:20:55,digging/ rolling in dirt,13,N,,,,,,,
A_01_6A19,10:21:10,grooming,2,N,,,,,,,
A_01_6A19,10:21:41,,8,N,,,,,,dog,
A_01_6A19,10:21:44,itching,2,N,,,,,,,
A_01_6A19,10:21:56,oos,1,N,,,,,,other squirrel vocalized,
A_01_6A19,10:22:24,end,,,,,,,,,
A_02_6A19,10:23:00,vocalizing,3,Y,,off,yes,,,stop pics,
A_02_6A19,10:23:10,,,,,,,,,,
A_02_6A19,10:23:15,,10,N,,,,,,,
A_02_6A19,10:23:21,,4,Y,,,,,,point,
A_02_6A19,10:23:22,,3,N,,,,,,,
A_02_6A19,10:23:23,,3,Y,,,yes,,,stop pics; vocalize 7 times per 10 s,
A_02_6A19,10:23:45,,1,Y,,,yes,,,stop pics,
A_02_6A19,10:24:42,,1,Y,,,yes,,,stop pics,
A_02_6A19,10:25:00,,2,,,,,,,stop and ask questions,
A_02_6A19,10:25:38,,,,,,,,,,
A_02_6A19,10:25:38,,2,N,,,,,,,
A_02_6A19,10:25:45,,7,N,,,,,,,
A_02_6A19,10:25:51,,3,N,,,,,,,
A_02_6A19,10:25:53,,2,N,,,,,,,
A_02_6A19,10:26:00,,4,Y,,,yes,,,stop pic,
A_02_6A19,10:26:10,,2,N,,,,,,,
A_02_6A19,10:26:13,,1,N,,,,,,,
A_02_6A19,10:26:18,,1,N,,,,,,,
A_02_6A19,10:26:29,,3,Y,,,yes,,,stop pic,
A_02_6A19,10:26:48,,2,Y,,,,,,"stop, pp ask me questions",
A_02_6A19,10:27:12,,3,N,,,,,,,
A_02_6A19,10:27:18,,2,Y,,,yes,,,stop pic,
A_02_6A19,10:27:49,,3,N,,,,,,,
A_02_6A19,10:27:55,,2,N,,,,,,,
A_02_6A19,10:27:58,,2,N,,,,,,,
A_02_6A19,10:28:08,,2,N,,,,,,,
A_02_6A19,10:28:19,,2,N,,,,,,,
A_02_6A19,10:28:21,,4,Y,,,,,,stop,
A_02_6A19,10:28:28,,2,N,,,,,,,
A_02_6A19,10:28:36,,1,Y,,,,,,stop,
A_02_6A19,10:28:57,,4,Y,,,yes,,,stop pics,
A_02_6A19,10:29:05,,1,N,,,,,,,
A_02_6A19,10:29:14,,3,N,,,,,,,
A_02_6A19,10:29:30,,2,N,,,,,,,
A_02_6A19,10:29:55,,13,N,,,,,,,
A_02_6A19,10:30:12,,2,Y,,,yes,,,stop pics,
A_02_6A19,10:30:18,,2,N,,,,,,,
A_02_6A19,10:30:21,,10,N,,,,,,,
A_02_6A19,10:30:36,,5,N,,,,,,,
A_02_6A19,10:30:36,,2,Y,,,yes,,,stop pics,
A_02_6A19,10:30:55,,3,N,,,,,,,
A_02_6A19,10:31:18,,1,N,,,,,,,
A_02_6A19,10:31:27,,3,Y,,,,,,point,
A_02_6A19,10:31:29,,3,N,,,,,,,
A_02_6A19,10:31:31,,2,Y,,,yes,,,stop pics,
A_02_6A19,10:31:37,,5,N,,,,,,,
A_02_6A19,10:32:01,,4,N,,,,,,,
A_02_6A19,10:32:09,,1,Y,,,,,,stop,
A_02_6A19,10:32:29,itching,,N,,,,,,,
A_02_6A19,10:32:49,end,2,Y,,,,,,stop,
A_NS_6A19,10:33:34,,2,N,,,,,,,
A_03_6A19,10:33:50,laying,,,,off,,,,juvenile,
A_03_6A19,10:33:56,moving,,,,,,,,,
A_03_6A19,10:34:08,,2,N,,,,,,,
A_03_6A19,10:34:15,,4,N,,,,,,,
A_03_6A19,10:34:18,,3,N,,,,,,,
A_03_6A19,10:34:20,,4,N,,,,,,,
A_03_6A19,10:34:32,,2,N,,,,,,cross trail,
A_03_6A19,10:35:45,approach,,,,,,,,,
A_03_6A19,10:35:50,itching,,,,,,,,,
A_03_6A19,10:35:55,eating,,,,,,,nut/pod,,
A_03_6A19,10:36:21,moving,1,N,,,,,,cross trail,
A_03_6A19,10:36:34,,1,N,,,,,,,
A_03_6A19,10:37:06,,4,N,,,,,,,
A_03_6A19,10:37:13,still,3,N,,,,,,,
A_03_6A19,10:37:29,itching,,,,,,,,,
A_03_6A19,10:37:30,still,,,,off,,,,,
A_03_6A19,10:37:49,,9,N,,,,,,,
A_03_6A19,10:38:33,,4,N,,,,,,,
A_03_6A19,10:38:44,,4,N,,,,,,,
A_03_6A19,10:38:47,,3,N,,,,,,,
A_03_6A19,10:38:53,,2,N,,,,,,,
A_03_6A19,10:39:01,,2,N,,,,,,,
A_03_6A19,10:39:11,itching,,,,,,,,,
A_03_6A19,10:39:15,still,,,,,,,,,
A_03_6A19,10:39:31,moving,,,,,,,,,
A_03_6A19,10:39:40,,2,N,,,,,,,
A_03_6A19,10:39:53,laying,10,Y,,in sand,yes,,,stop pic,
A_03_6A19,10:40:10,moving,4,Y,,,,,,stop,
A_03_6A19,10:40:16,,3,Y,,,,,,stop,
A_03_6A19,10:40:40,digging,,,,,,,,,
A_03_6A19,10:40:52,eating,2,N,,,,,grass,,
A_03_6A19,10:41:05,still,5,N,,,,,,,
A_03_6A19,10:41:24,moving,3,N,,,,,,,
A_03_6A19,10:41:43,still,9,N,,,,,,,
A_03_6A19,10:42:00,,2,N,,,,,,,
A_03_6A19,10:42:03,,4,N,,,,,,,
A_03_6A19,10:42:10,,6,N,,,,,,,
A_03_6A19,10:42:16,,2,N,,,,,,,
A_03_6A19,10:42:21,,4,N,,,,,,,
A_03_6A19,10:42:27,,2,N,,,,,,,
A_03_6A19,10:42:42,digging,6,N,,,,,,,
A_03_6A19,10:42:52,,1,N,,,,,,,
A_03_6A19,10:43:09,moving,3,Y,,,,,,cross trail; stomping,
A_03_6A19,10:43:50,end,2,N,,,,,,,
A_NS_6A19,10:43:47,,4,N,,,,,,,
A_NS_6A19,10:46:50,,2,N,,,,,,,
A_NS_6A19,10:47:00,,,,,,,,,,
A_NS_6A19,10:48:08,,2,N,,,,,,,
A_NS_6A19,10:48:16,,1,N,,,,,,,
A_NS_6A19,10:48:51,,4,N,,,,,,,
A_NS_6A19,10:48:52,,4,N,,,,,,,
A_NS_6A19,10:48:53,,3,N,,,,,,,
A_04_6A19,10:49:04,moving,4,Y,,on,yes,,,stop pic,
A_04_6A19,10:49:31,,2,N,,off,,,,,
A_04_6A19,10:49:59,still,25,N,,,,,,,
A_04_6A19,10:50:01,,2,Y,,,yes,,,stop pic,
A_04_6A19,10:50:16,,1,Y,,,,,,wave,
A_04_6A19,10:50:21,,10,N,,,,,,,
A_04_6A19,10:50:37,,8,Y,,,,,,point,
A_04_6A19,10:50:42,,4,Y,,,,,,stop pic,
A_04_6A19,10:50:56,,4,N,,,,,,,
A_04_6A19,10:51:10,,9,Y,,,yes,,,stop pic,
A_04_6A19,10:51:17,,2,N,,,,,,,
A_04_6A19,10:51:20,,4,N,,,,,,,
A_04_6A19,10:51:26,,5,Y,,,,,,"""killer squirrel, be careful""",
A_04_6A19,10:52:14,,2,N,,,,,,,
A_04_6A19,10:52:25,,4,N,,,,,,,
A_04_6A19,10:52:27,,5,N,,,,,,,
A_04_6A19,10:52:42,,1,N,,,,,,,
A_04_6A19,10:52:52,,4,N,,,,,,,
A_04_6A19,10:53:02,,11,N,,,,,,,
A_04_6A19,10:53:16,,2,Y,,,yes,,,stop pic,
A_04_6A19,10:53:20,,4,Y,,,,,,stop pic,
A_04_6A19,10:53:29,,1,Y,,,,,,stop,
A_04_6A19,10:53:32,,3,,,,,,,,
A_04_6A19,10:53:40,,2,Y,,,,,,point,
A_04_6A19,10:53:44,,2,,,,,,,,
A_04_6A19,10:54:03,,2,,,,,,,,
A_04_6A19,10:54:13,,4,Y,,,,,,"point; ""its a fat one, been feeding it illegally""",
A_04_6A19,10:54:41,,4,,,,,,,,
A_04_6A19,10:54:53,,1,N,,,,,,,
A_04_6A19,10:55:09,,3,N,,off,,,,,
A_04_6A19,10:55:27,,2,N,,,,,,,
A_04_6A19,10:55:29,,1,N,,,,,,,
A_04_6A19,10:55:40,,2,Y,,,,,,stop,
A_04_6A19,10:55:43,,6,N,,,,,,,
A_04_6A19,10:55:44,,4,Y,,,,,,point,
A_04_6A19,10:56:17,,1,N,,,,,,,
A_04_6A19,10:56:25,,4,Y,,,yes,,,stop pic,
A_04_6A19,10:56:27,,8,N,,,,,,,
A_04_6A19,10:56:31,,2,N,,,,,,,
A_04_6A19,10:56:42,,5,N,,,,,,,
A_04_6A19,10:56:43,,4,N,,,,,,,
A_04_6A19,10:56:54,,3,N,,,,,,,
A_04_6A19,10:56:55,,1,Y,,,,,,point,
A_04_6A19,10:57:03,,4,N,,,,,,,
A_04_6A19,10:57:10,,2,N,,,,,,,
A_04_6A19,10:57:17,,2,N,,,,,,,
A_04_6A19,10:57:31,,1,Y,,,,,,point,
A_04_6A19,10:57:37,,2,N,,,,,,,
A_04_6A19,10:57:43,,3,N,,,,,,,
A_04_6A19,10:57:57,,2,N,,,,,,,
A_04_6A19,10:58:01,,2,N,,,,,,,
A_04_6A19,10:58:07,,2,N,,,,,,,
A_04_6A19,10:58:09,,2,N,,,,,,,
A_04_6A19,10:58:21,,7,Y,,,yes,,,stop pic,
A_04_6A19,10:58:26,,3,N,,,,,,,
A_04_6A19,10:58:35,,1,N,,,,,,,
A_04_6A19,10:58:41,,3,N,,,,,,,
A_04_6A19,10:58:45,,2,Y,,,yes,,,stop pic,
A_04_6A19,10:58:58,,10,N,,,,,,,
A_04_6A19,10:59:09,,4,N,,,,,,,
A_04_6A19,10:59:13,,2,Y,,,,,,stop,
A_04_6A19,10:59:23,,2,N,,,,,,,
A_04_6A19,10:59:29,end,5,Y,,,yes,,,stop pic,
A_05_6A19,10:59:58,sitting,,,,off,,,,,
A_05_6A19,11:00:00,,4,Y,,,,,,point,
A_05_6A19,11:00:20,,4,N,,,,,,,
A_05_6A19,11:00:35,,2,Y,,,yes,,,stop pic,
A_05_6A19,11:00:49,,2,N,,,,,,,
A_05_6A19,11:01:33,,6,N,,,,,,,
A_05_6A19,11:01:52,,1,N,,,,,,,
A_05_6A19,11:01:55,,3,N,,,,,,,
A_05_6A19,11:02:01,,1,N,,,,,,,
A_05_6A19,11:02:23,,3,N,,,,,,,
A_05_6A19,11:02:32,,3,N,,,,,,,
A_05_6A19,11:02:46,,3,N,,,,,,,
A_05_6A19,11:02:56,,4,N,,,,,,,
A_05_6A19,11:03:02,,2,N,,,,,,,
A_05_6A19,11:03:09,,2,N,,,,,,,
A_05_6A19,11:03:24,,2,N,,,,,,,
A_05_6A19,11:03:29,,2,N,,,,,,,
A_05_6A19,11:03:35,,1,N,,,,,,,
A_05_6A19,11:03:42,,4,N,,,,,,,
A_05_6A19,11:03:48,,1,N,,,,,,,
A_05_6A19,11:04:21,,2,N,,,,,,,
A_05_6A19,11:04:29,,2,N,,,,,,,
A_05_6A19,11:04:42,,2,N,,,,,,,
A_05_6A19,11:04:56,,3,N,,,,,,,
A_05_6A19,11:05:07,yawn,2,N,,,,,,,
A_05_6A19,11:05:17,still,2,N,,,,,,,
A_05_6A19,11:05:41,,3,N,,,,,,,
A_05_6A19,11:06:00,,8,N,,,,,,,
A_05_6A19,11:06:22,,1,N,,,,,,,
A_05_6A19,11:06:59,,2,N,,,,,,,
A_05_6A19,11:07:34,,2,N,,,,,,,
A_05_6A19,11:07:43,,2,N,,,,,,,
A_05_6A19,11:07:48,yawn,,,,,,,,,
A_05_6A19,11:07:55,,,,,off,,,,,
A_05_6A19,11:08:23,,3,N,,,,,,,
A_05_6A19,11:08:42,,2,N,,,,,,,
A_05_6A19,11:08:56,,2,N,,,,,,,
A_05_6A19,11:09:03,,2,N,,,,,,,
A_05_6A19,11:09:06,,6,N,,,,,,,
A_05_6A19,11:09:17,,3,N,,,,,,,
A_05_6A19,11:09:22,,2,N,,,,,,,
A_05_6A19,11:09:33,,1,N,,,,,,,
A_05_6A19,11:09:46,,1,N,,,,,,,
A_05_6A19,11:09:52,end,4,N,,,,,,,
A_NS_6A19,11:10:14,,1,,,,,,,,
A_NS_6A19,11:10:25,,2,,,,,,,,
A_NS_6A19,11:10:44,,1,,,,,,,,
A_NS_6A19,11:10:51,,3,,,,,,,,
A_NS_6A19,11:11:02,,2,,,,,,,,
A_NS_6A19,11:11:08,,2,,,,,,,,
A_NS_6A19,11:11:30,,4,,,,,,,,
A_NS_6A19,11:11:32,,2,,,,,,,,
A_NS_6A19,11:11:39,,20,,,,,,,,
A_NS_6A19,11:12:30,,4,,,,,,,,
A_NS_6A19,11:12:39,,4,,,,,,,,
A_NS_6A19,11:12:45,,5,,,,,,,,
A_NS_6A19,11:12:53,,2,,,,,,,,
A_NS_6A19,11:12:57,,1,,,,,,,,
A_NS_6A19,11:13:00,,1,,,,,,,,
A_NS_6A19,11:13:07,,1,,,,,,,,
A_NS_6A19,11:13:14,,4,,,,,,,,
A_NS_6A19,11:13:36,,2,,,,,,,,
A_NS_6A19,11:13:46,,1,,,,,,,,
A_NS_6A19,11:13:51,,2,,,,,,,,
A_NS_6A19,11:13:57,,2,,,,,,,,
A_NS_6A19,11:14:12,,7,,,,,,,,
A_NS_6A19,11:14:23,,5,,,,,,,,
A_NS_6A19,11:14:42,,2,,,,,,,,
A_06_06A19,11:15:26,collecting nesting,20,N,,off,,,,,
A_06_06A19,11:15:50,moving,,N,,,,,,,
A_06_06A19,11:16:00,,10,N,,,,,,,
A_06_06A19,11:16:13,oos,,N,,,,,,,
A_06_06A19,11:16:54,,2,N,,,,,,,
A_06_06A19,11:17:08,collecting nesting,1,N,,,,,,grass,
A_06_06A19,11:17:14,,2,N,,,,,,,
A_06_06A19,11:17:21,,4,N,,,,,,,
A_06_06A19,11:17:37,moving,2,N,,,,,,,
A_06_06A19,11:17:46,,10,N,,,,,,,
A_06_06A19,11:17:59,,4,N,,,,,,,
A_06_06A19,11:18:51,,10,N,,,,,,,
A_06_06A19,11:18:56,end,5,N,,,,,,,
A_07_06A19,11:13:21,moving,2,N,,on,,,,,
A_07_06A19,11:19:36,still,5,N,,,,,,,
A_07_06A19,1:19:37,,2,N,,,,,,,
A_07_06A19,11:19:55,sitting,20,N,,,,,,on wall,
A_07_06A19,11:20:10,,4,Y,,,,,,stop; girl offer stick,
A_07_06A19,11:20:16,moving,3,N,,,,,,on trail,
A_07_06A19,11:20:30,,,N,,,,,,on wall,
A_07_06A19,11:20:39,still,,N,,,,,,,
A_07_06A19,11:21:04,,2,Y,,off,,,,stop point,
A_07_06A19,11:21:16,digging,4,N,,,,,,,
A_07_06A19,11:21:55,sniffing,,N,,,,,,,
A_07_06A19,11:22:27,,1,N,,,,,,,
A_07_06A19,11:23:09,,4,N,,,,,,,
A_07_06A19,11:23:13,,10,N,,,,,,,
A_07_06A19,11:23:23,,4,N,,,,,,,
A_07_06A19,11:23:29,,2,N,,,,,,,
A_07_06A19,11:23:45,,2,N,,,,,,,
A_07_06A19,11:23:50,,1,N,,,,,,,
A_07_06A19,11:23:53,,1,N,,,,,,,
A_07_06A19,11:23:55,eating,6,N,,,,,grass,,
A_07_06A19,11:24:45,moving,,N,,,,,,,
A_07_06A19,11:24:13,,1,N,,,,,,on wall,
A_07_06A19,11:24:25,still,1,N,,,,,,,
A_07_06A19,11:24:30,,2,N,,,,,,,
A_07_06A19,11:24:42,,4,N,,,,,,,
A_07_06A19,11:24:44,,2,N,,,,,,,
A_07_06A19,11:24:54,,6,N,,,,,,,
A_07_06A19,11:25:08,,3,N,,,,,,,
A_07_06A19,11:25:19,itching,2,N,,,,,,,
A_07_06A19,11:25:25,moving,1,N,,,,,,,
A_07_06A19,11:26:53,,5,N,,,,,,,
A_07_06A19,11:27:09,oos,20,N,,,,,,,
A_07_06A19,11:27:25,,4,Y,,,,,,stop,
A_07_06A19,11:27:53,chasing,,,yes,,,,,being chased by other squirrels,
A_07_06A19,11:28:00,oos,30,N,,,,,,,
A_07_06A19,11:29:30,,10,N,,,,,,,
A_07_06A19,11:29:40,,2,N,,,,,,,
A_07_06A19,11:29:47,,2,N,,,,,,,
A_07_06A19,11:29:56,,2,N,,,,,,,
A_07_06A19,11:30:10,end,,,,,,,,,
A_08_06A19,11:30:11,moving,2,Y,,off,yes,,,stop pic,
A_08_06A19,11:30:12,,4,,,,,,,,
A_08_06A19,11:30:15,standing,1,,,,,,,on hind feet,
A_08_06A19,11:30:31,moving,3,,,,,,,,
A_08_06A19,11:30:55,still,3,,,,,,,,
A_08_06A19,11:30:57,,2,,,,,,,,
A_08_06A19,11:31:13,,2,,,,,,,,
A_08_06A19,11:31:15,,1,,,,,,,,
A_08_06A19,11:31:34,,20,,,,,,,,
A_08_06A19,11:31:50,,5,,,,,,,,
A_08_06A19,11:31:53,,20,,,,,,,,
A_08_06A19,11:32:13,oos,,,,,,,,,
A_08_06A19,11:32:25,sitting,2,,,,,,,,
A_08_06A19,11:32:48,moving,4,,,,,,,,
A_08_06A19,11:33:13,still/itching,3,,,,,,,,
A_08_06A19,11:33:30,moving,4,,,,,,,cross trail,
A_08_06A19,11:33:55,standing,6,,,,,,,on hind,
A_08_06A19,11:34:12,moving,4,,,off,,,,,
A_08_06A19,11:35:34,oos/end,,,,,,,,,
A_01_07A19,14:00:17,moving,5,,,,,,,juvenile,
A_01_07A19,14:00:34,,2,,,,,,,,
A_01_07A19,14:00:38,,2,,,,,,,,
A_01_07A19,14:00:44,,2,,,,,,,,
A_01_07A19,14:01:11,,4,,,,,,,,
A_01_07A19,14:01:22,eating,4,,,,,,,,
A_01_07A19,14:01:29,moving,4,,,,,,,,
A_01_07A19,14:01:41,climbing,20,,,,,,,,
A_01_07A19,14:02:06,,2,,,,,,,,
A_01_07A19,14:02:10,moving,2,,,,,,,,
A_01_07A19,14:02:14,,4,,,,,,,,
A_01_07A19,14:02:29,hoarding/moving,6,,,,,,nut,,
A_01_07A19,14:02:33,,4,,,,,,,,
A_01_07A19,14:02:51,,3,,,,,,,,
A_01_07A19,14:03:02,,2,,,,,,,,
A_01_07A19,14:03:19,digging,2,,,,,,,,
A_01_07A19,14:03:40,moving,3,,,,,,,,
A_01_07A19,14:04:05,,2,,,,,,,,
A_01_07A19,14:04:47,rolling,2,,,,,,,,
A_01_07A19,14:04:57,digging,,,,,,,,,
A_01_07A19,14:05:01,moving,,,,,,,,,
A_01_07A19,14:05:18,,2,,,,,,,,
A_01_07A19,14:05:45,,3,,,,,,,,
A_01_07A19,14:05:46,still,1,,,,,,,,
A_01_07A19,14:06:03,,5,,,,,,,,
A_01_07A19,14:06:06,oos,3,,,,,,,,
A_01_07A19,14:06:49,,1,,,,,,,,
A_NS_07A19,14:07:12,end,9,,,,,,,,
A_NS_07A19,14:07:55,,1,,,,,,,,
A_NS_07A19,14:08:04,,2,,,,,,,,
A_NS_07A19,14:08:10,,4,,,,,,,,
A_NS_07A19,14:08:19,,4,,,,,,,,
A_NS_07A19,14:08:42,,4,,,,,,,,
A_NS_07A19,14:08:47,,3,,,,,,,,
A_NS_07A19,14:08:59,,1,,,,,,,,
A_NS_07A19,14:09:02,,2,,,,,,,,
A_NS_07A19,14:09:03,,4,,,,,,,,
A_NS_07A19,14:09:11,,4,,,,,,,,
A_NS_07A19,14:09:19,,3,,,,,,,,
A_NS_07A19,14:09:34,,2,,,,,,,,
A_NS_07A19,14:09:46,,11,,,,,,,,
A_NS_07A19,14:09:49,,3,,,,,,,,
A_NS_07A19,14:09:50,,2,,,,,,,,
A_02_07A19,14:10:08,digging,,,,off,,,,,
A_02_07A19,14:10:21,,2,,,,,,,,
A_02_07A19,14:10:29,eating,,,,,,,grass,,
A_02_07A19,14:10:39,,2,,,,,,,,
A_02_07A19,14:10:52,,9,,,,,,,,
A_02_07A19,14:11:11,,4,,,,,,,,
A_02_07A19,14:11:18,,2,,,,,,,,
A_02_07A19,14:11:19,moving,1,,,,,,,,
A_02_07A19,14:11:31,,10,,,,,,,,
A_02_07A19,14:11:40,,3,,,,,,,,
A_02_07A19,14:11:56,,3,,,,,,,,
A_02_07A19,14:12:06,oos,5,,,,,,,,
A_02_07A19,14:12:12,end,2,,,,,,,,
A_NS_07A19,14:12:45,,2,,,,,,,,
A_NS_07A19,14:12:57,,4,,,,,,,,
A_NS_07A19,14:13:04,,6,,,,,,,,
A_NS_07A19,14:13:07,,2,,,,,,,,
A_NS_07A19,14:13:11,,3,,,,,,,,
A_NS_07A19,14:13:31,,5,,,,,,,,
A_NS_07A19,14:13:35,,2,,,,,,,,
A_NS_07A19,14:13:39,,1,,,,,,,,
A_NS_07A19,14:13:56,,2,,,,,,,,
A_NS_07A19,14:14:06,,3,,,,,,,,
A_NS_07A19,14:14:20,,4,,,,,,,,
A_NS_07A19,14:14:23,,2,,,,,,,,
A_NS_07A19,14:14:26,,2,,,,,,,,
A_NS_07A19,14:14:35,,10,,,,,,,,
A_NS_07A19,14:15:11,,7,,,,,,,,
A_NS_07A19,14:15:32,,2,,,,,,,,
A_03_07A19,14:15:41,moving,3,Y,,off,yes,,,stop pic,
A_03_07A19,14:15:55,,5,,,,,,,,
A_03_07A19,14:16:22,,2,,,,,,,stop point,
A_03_07A19,14:16:38,,6,,,,,,,,
A_03_07A19,14:16:49,,10,,,,,,,,
A_03_07A19,14:17:20,,1,Y,,,,,,stop,
A_03_07A19,14:17:22,,2,,,,,,,,
A_03_07A19,14:17:25,eating,1,,,,,,unknown,,
A_03_07A19,14:17:34,moving,4,,,,,,,,
A_03_07A19,14:17:41,,3,,,,,,,,
A_03_07A19,14:17:50,,4,,,,,,,,
A_03_07A19,14:17:58,,1,,,,,,,,
A_03_07A19,14:18:11,digging,1,,,,,,,,
A_03_07A19,14:18:19,,2,,,,,,,,
A_03_07A19,14:18:21,,1,,,,,,,,
A_03_07A19,14:18:43,grooming,3,,,,,,,,
A_03_07A19,14:19:07,moving,8,,,,,,,,
A_03_07A19,14:19:19,,2,,,on,,,,cross trail,
A_03_07A19,14:19:34,,2,Y,,,,,,stop,
A_03_07A19,14:19:48,digging,,,,,,,,,
A_03_07A19,14:19:55,moving,,,,,,,,,
A_03_07A19,14:20:04,,3,,,on,,,,,
A_03_07A19,14:20:22,,2,,,,,,,,
A_03_07A19,14:20:34,,2,,,,,,,,
A_03_07A19,14:20:43,,6,,,,,,,,
A_03_07A19,14:20:44,,2,,,,,,,,
A_03_07A19,14:20:56,eating,5,Y,,,,,unknown,step over,
A_03_07A19,14:21:07,,3,,,,,,,,
A_03_07A19,14:21:15,,2,,,,,,,,
A_03_07A19,14:21:19,,2,,,,,,,,
A_03_07A19,14:21:26,moving,7,,,off,,,,,
A_03_07A19,14:21:39,,,,,,,,,cross trail,
A_03_07A19,14:21:48,drinking,,,,,,,,,
A_03_07A19,14:21:49,moving,10,,,,,,,,
A_03_07A19,14:22:01,,6,,,,,,,,
A_03_07A19,14:22:16,chasing,,,yes,on,,,,,
A_03_07A19,14:22:24,sniffing,4,,,,,,,,
A_03_07A19,14:22:35,chasing,,,yes,,,,,chasing other squirrel,
A_03_07A19,14:22:46,still,2,,,,,,,,
A_03_07A19,14:23:03,moving,,,,,,,,,
A_03_07A19,14:23:08,still,,,,,,,,,
A_03_07A19,14:23:13,moving,6,,,off,,,,,
A_03_07A19,14:24:00,,2,,,,,,,,
A_03_07A19,14:24:04,,1,,,,,,,,
A_03_07A19,14:24:06,,4,,,,,,,,
A_03_07A19,14:24:19,eating,13,,,,,,unknown,,
A_03_07A19,14:24:37,moving,3,,,,,,,,
A_03_07A19,14:24:41,standing,,,,,,,,hind feet,
A_03_07A19,14:24:48,,6,,,,,,,,
A_03_07A19,14:25:00,moving,10,,,,,,,,
A_03_07A19,14:25:33,standing,4,,,,,,,hind feet,
A_03_07A19,14:25:49,,3,Y,,,yes,,,stop pic hand,
A_03_07A19,14:25:50,,3,,,,,,,,
A_03_07A19,14:26:02,,2,,,,,,,,
A_04_07A19,14:26:57,standing,,,,off,,,,hind legs,
A_04_07A19,14:27:05,moving,,,,,,,,,
A_04_07A19,14:27:15,still,,,,,,,,,
A_04_07A19,14:27:32,itching,3,,,,,,,,
A_04_07A19,14:27:39,moving,3,,,,,,,,
A_04_07A19,14:27:48,,1,,,,,,,,
A_04_07A19,14:27:55,eating,2,,,,,,unknown,,
A_04_07A19,14:28:02,,5,,,,,,,,
A_04_07A19,14:28:16,,2,,,,,,,,
A_04_07A19,14:28:21,moving,2,,,,,,,,
A_04_07A19,14:28:28,,3,,,,,,,,
A_04_07A19,14:28:35,begging,3,Y,,,,,,point,
A_04_07A19,14:28:47,moving,4,Y,,,yes,,,stop pic,
A_04_07A19,14:29:08,still,10,,,,,,,,
A_04_07A19,14:29:31,moving,,,,,,,,,
A_04_07A19,14:29:38,drinking,2,,,,,,,,
A_04_07A19,14:29:49,moving,2,,,,,,,,
A_04_07A19,14:29:58,,3,,,on,,,,,
A_04_07A19,14:30:06,laying,1,,,,,,,,
A_04_07A19,14:30:22,digging,5,,,off,,,,"""another one, #22""",
A_04_07A19,14:30:32,,3,Y,,,,,,stop,
A_04_07A19,14:30:42,,6,,,,,,,,
A_04_07A19,14:30:50,,3,,,,,,,,
A_04_07A19,14:31:09,moving,10,,,,,,,,
A_04_07A19,14:31:16,digging,2,,,,,,,,
A_04_07A19,14:31:21,sniffing,2,,,on,,,,,
A_04_07A19,14:31:28,,3,,,,,,,,
A_04_07A19,14:31:50,,8,,,,,,,,
A_04_07A19,14:32:09,begging,4,,,,,,,,
A_04_07A19,14:32:14,moving,4,,,off,,,,,
A_04_07A19,14:32:18,standing,20,,,,,,,hind feet,
A_04_07A19,14:32:20,moving,2,,,,,,,,
A_04_07A19,14:32:59,begging,1,,,,,,,hind feet; ask me what I'm doing,
A_04_07A19,14:33:20,,1,,,,,,,,
A_04_07A19,14:33:26,,7,,,,,,,,
A_04_07A19,14:33:37,,4,,,,,,,,
A_04_07A19,14:33:47,standing,12,Y,,,,yes,unknown,hind legs; girl pet/nibble/,
A_04_07A19,14:34:13,,2,,,,,,,,
A_04_07A19,14:34:21,oos,3,,,,,,,,
A_04_07A19,14:34:41,moving,4,,,,,,,,
A_04_07A19,14:34:57,standing,2,,,,,,,hind legs,
A_04_07A19,14:35:09,moving,3,,,,,,,,
A_04_07A19,14:35:18,,2,,,,,,,,
A_04_07A19,14:35:29,standing,,,,,,,,hind legs,
A_04_07A19,14:35:42,eating,1,,,,,,unknown,,
A_04_07A19,14:35:48,,2,,,,,,,,
A_04_07A19,14:35:55,,2,,,,,,,,
A_04_07A19,14:36:10,moving,6,,,,,,,,
A_04_07A19,14:36:20,itching,,,,,,,,,
A_04_07A19,14:36:23,moving,10,,,,,,,,
A_04_07A19,14:36:43,,4,,,,,,,,
A_04_07A19,14:36:55,end,3,Y,,,,,,stop,
A_NS_07A19,14:37:22,,2,,,,,,,,
A_NS_07A19,14:37:28,,3,,,,,,,,
A_NS_07A19,14:37:52,,14,,,,,,,,
A_NS_07A19,14:38:08,,9,,,,,,,,
A_NS_07A19,14:38:24,,5,,,,,,,,
A_NS_07A19,14:38:29,,3,,,,,,,,
A_NS_07A19,14:38:32,,2,,,,,,,,
A_NS_07A19,14:38:39,,3,,,,,,,,
A_NS_07A19,14:38:45,,3,,,,,,,,
A_NS_07A19,14:39:07,,3,,,,,,,,
A_NS_07A19,14:39:16,,2,,,,,,,,
A_NS_07A19,14:39:30,,2,,,,,,,,
A_NS_07A19,14:39:47,,15,,,,,,,,
A_NS_07A19,14:40:01,,5,,,,,,,,
A_NS_07A19,14:40:05,,2,,,,,,,,
A_NS_07A19,14:40:06,,12,,,,,,,,
A_NS_07A19,14:40:41,,5,,,,,,,,
A_NS_07A19,14:40:52,,4,,,,,,,,
A_NS_07A19,14:40:53,,2,,,,,,,,
A_NS_07A19,14:40:57,,1,,,,,,,,
A_NS_07A19,14:41:27,,5,,,,,,,,
A_NS_07A19,14:41:52,,1,,,,,,,,
A_NS_07A19,14:42:06,,5,,,,,,,,
A_NS_07A19,14:42:08,,7,,,,,,,,
A_NS_07A19,14:42:21,,4,,,,,,,,
A_NS_07A19,14:42:23,,2,,,,,,,,
A_NS_07A19,14:42:25,,4,,,,,,,,
A_NS_07A19,14:42:26,,1,,,,,,,,
A_NS_07A19,14:42:29,,2,,,,,,,,
A_NS_07A19,14:42:40,,2,,,,,,,,
A_NS_07A19,14:42:54,,9,,,,,,,,
A_05_07A19,14:43:00,laying,2,Y,,,,,,stop; ask what I'm doing,
A_05_07A19,14:43:30,,4,,,,,,,,
A_05_07A19,14:43:33,standing,2,Y,,,yes,,,hind legs,
A_05_07A19,14:43:47,digging,,,,,,,,,
A_05_07A19,14:43:52,laying,,,,,,,,,
A_05_07A19,14:44:03,,1,,,,,,,,
A_05_07A19,14:44:10,,3,,,,,,,,
A_05_07A19,14:44:14,,3,,,,,,,,
A_05_07A19,14:44:24,,2,,,,,,,,
A_05_07A19,14:44:52,digging,1,,,,,,,,
A_05_07A19,14:45:00,itching,,,,,,,,,
A_05_07A19,14:45:04,moving,10,Y,,,,,,point,
A_05_07A19,14:45:38,oos/end,,,,,,,,,
A_06_07A19,14:46:44,moving,,,,off,,,,,
A_06_07A19,14:47:00,still,,,,,,,,,
A_06_07A19,14:47:09,moving,,,,,,,,,
A_06_07A19,14:47:36,chasing,,,yes,,,,,"chased by other squirrels, 3 around, on bit",
A_06_07A19,14:48:05,sniffing,,,,,,,,,
A_06_07A19,14:48:13,chasing,,,yes,,,,,play with 2,
A_06_07A19,14:48:20,sniffing,,,,,,,,,
A_06_07A19,14:48:28,chasing,,,yes,,,,,play,
A_06_07A19,14:48:34,chasing,,,yes,,,,,bit by other,
A_06_07A19,14:48:45,chasing,,,yes,,,,,chased by other,
A_06_07A19,14:48:50,standing,,,,,,,,hind legs,
A_06_07A19,14:49:11,laying ,,,,,,,,,
A_06_07A19,14:49:30,eating/laying,,,,,,,,,
A_06_07A19,14:49:44,chasing,,,yes,,,,,chased by 2 other,
A_06_07A19,14:49:52,still,,,,,,,,,
A_06_07A19,14:49:57,laying ,,,,,,,,,
A_06_07A19,14:50:01,eating,,,,,,,nut,,
A_06_07A19,14:50:18,sniffing,,,,,,,,,
A_06_07A19,14:50:30,chasing ,,,yes,,,,,chased by other,
A_06_07A19,14:50:38,moving,,,,,,,,,
A_06_07A19,14:51:01,chasing,,,yes,,,,,chased by other,
A_06_07A19,14:51:29,eating,,,,,,,unknown,,
A_06_07A19,14:41:35,chasing,,,yes,,,,,,
A_06_07A19,14:51:45,moving,,,,,,,,chased by other,
A_06_07A19,14:52:29,chasing,,,yes,,,,,,
A_06_07A19,14:53:00,still,,,,,,,,chased by other,
A_06_07A19,14:53:44,moving,,,,,,,,,
A_06_07A19,14:53:51,sniffing,,,,,,,paper,,
A_06_07A19,14:54:08,eating,,,,,,,nut,,
A_06_07A19,14:55:02,itching,,,,,,,,,
A_06_07A19,14:55:10,moving,,,,,,,,crawling,
A_06_07A19,14:55:36,moving,,,,,,,,,
A_06_07A19,14:56:00,chasing,,,yes,,,,,chased by other,
A_06_07A19,14:56:19,end,,,,,,,,,
A_01_08A19,18:14:23,moving,,,,,,,,visitor center,
A_01_08A19,18:14:30,oos/end,,,,,,,,,
A_02_08A19,18:15:17,moving,,,,,,,,,
A_02_08A19,18:15:22,oos/end,,,,,,,,,
A_03_08A19,18:18:06,moving,,,,,,,,,
A_03_08A19,18:18:12,oos,,,,,,,,,
A_03_08A19,18:19:23,moving,,,,,,,,,
A_03_08A19,18:19:39,still,,,,,,,,,
A_03_08A19,18:19:43,moving,,,,,,,,in firepit,
A_03_08A19,18:20:17,moving,,,,,,,,,
A_03_08A19,18:20:36,oos,,,,,,,,,
A_03_08A19,18:21:32,moving,,,,,,,,,
A_03_08A19,18:22:09,moving,,,,,,,,in dumpster,
A_03_08A19,18:22:38,oos,,,,,,,,,
A_03_08A19,18:23:27,moving,,,,,,,,,
A_03_08A19,18:23:37,standing,,,,,,,,hind legs; food in mouth,
A_03_08A19,18:23:56,moving,,,,,,,,,
A_03_08A19,18:24:01,still,,,,,,,,,
A_03_08A19,18:24:04,moving,,,,,,,,,
A_03_08A19,18:24:39,oos,,,,,,,,,
A_04_08A19,18:26:01,standing,,,,,,,,at tent,
A_04_08A19,18:26:16,oos,,,,,,,,,
A_04_08A19,18:26:28,moving,,,,,,,,at cooler,
A_04_08A19,18:27:03,climbing,,,,,,,,up tree,
A_04_08A19,18:27:34,moving,,,,,,,,to caan,
A_04_08A19,18:27:39,still,,,,,,,,,
A_04_08A19,18:27:48,standing,,,,,,,,hind legs,
A_04_08A19,18:27:56,grooming,,,,,,,,,
A_04_08A19,18:27:57,moving,,,,,,,,,
A_04_08A19,18:29:20,still,,,,,,,,,
A_04_08A19,18:29:23,climbing,,,,,,,,sage brush,
A_04_08A19,18:29:36,eating,,,,,,,bark,gnawing,
A_04_08A19,18:29:42,climbing,,,,,,,,,
A_04_08A19,18:30:00,eating,,,,,,,bark,gnawing,
A_04_08A19,18:32:01,moving,,,,,,,,,
A_04_08A19,18:32:12,still,,,,,,,,,
A_04_08A19,18:32:15,standing,,,,,,,,,
A_04_08A19,18:32:39,eating,,,,,,,unknown,stuffing face,
A_04_08A19,18:33:06,sitting,,,,,,,,,
A_04_08A19,18:33:41,moving,,,,,,,,,
A_04_08A19,18:33:44,standing; chewing,,,,,,,,hind legs,
A_04_08A19,18:34:28,sitting,,,,,,,,,
A_04_08A19,18:34:33,grooming,,,,,,,,tail,
A_04_08A19,18:34:40,sitting,,,,,,,,,
A_04_08A19,18:34:48,sniffing,,,,,,,,,
A_04_08A19,18:35:07,moving,,,,,,,,,
A_04_08A19,18:35:27,oos/end,,,,,,,,,
A_05_08A19,18:40:13,still,,,,,,,,,
A_05_08A19,18:40:16,standing,,,,,,,,hind legs; 360 turn,
A_05_08A19,18:43:16,moving,,,,,,,,in campsite,
A_05_08A19,18:43:28,standing,,,,,,,,hind legs,
A_05_08A19,18:43:33,moving,,,,,,,,on table,
A_05_08A19,18:43:40,eating,,,,,,,chips,,
A_05_08A19,18:44:47,eating,,,,,,,cracker,,
A_05_08A19,18:47:03,,2,Y,,,,,,stop; girl comes to watch,
A_05_08A19,18:47:11,moving,,,,,,,,,
A_05_08A19,18:47:26,oos/end,,,,,,,,,
A_06_08A19,18:49:07,sitting/chewing,,,,,,,,in dumpster,
A_06_08A19,18:49:34,moving,,,,,,,,,
A_06_08A19,18:50:16,oos,,,,,,,,,
A_06_08A19,18:51:00,standing/chewing,,,,,,,,in campsite/hind legs,
A_06_08A19,18:51:27,moving,,,,,,,,,
A_06_08A19,18:51:36,standing,,,,,,,,hind legs,
A_06_08A19,18:51:45,sitting,,,,,,,,other squirrel,
A_06_08A19,18:52:01,moving,,,,,,,,,
A_06_08A19,18:52:12,oos,,,,,,,,,
A_06_08A19,18:52:23,moving,,,,,,,,,
A_06_08A19,18:52:32,sitting,,,,,,,,,
A_06_08A19,18:52:37,standing,,,,,,,,hind legs,
A_06_08A19,18:53:10,sitting,,,,,,,,,
A_06_08A19,18:56:44,moving,,,,,,,,,
A_06_08A19,18:56:51,oos/end,,,,,,,,,
A_07_08A19,18:59:29,sniffing,,,,campsite,,,,in campsite,
A_07_08A19,19:00:01,moving,,,,,,,,in tree,
A_07_08A19,19:00:38,sitting,,,,,,,,,
A_07_08A19,19:00:44,moving,,,,,,,,,
A_07_08A19,19:00:52,standing,,,,,,,,hind legs,
A_07_08A19,19:00:55,moving,,,,,,,,,
A_07_08A19,19:01:33,oos,,,,,,,,,
A_07_08A19,19:05:17,sitting,,,,campsite,,,,,
A_07_08A19,19:05:25,moving,,,,campsite,,,,,
A_07_08A19,19:05:40,digging,,,,campsite,,,,,
A_07_08A19,19:05:48,laying,,,,campsite,,,,,
A_07_08A19,19:05:53,digging,,,,campsite,,,,,
A_07_08A19,19:06:02,moving,,,,campsite,,,,,
A_07_08A19,19:06:09,sitting,,,,,,,,,
A_07_08A19,19:06:21,digging,,,,,,,,,
A_07_08A19,19:06:26,itching,,,,,,,,,
A_07_08A19,19:06:30,standing,,,,,,,,hind legs,
A_07_08A19,19:06:31,moving,,,,,,,,,
A_07_08A19,19:06:36,oos,,,,,,,,,
A_01_09A19,8:11:06,sitting,,,,campsite,,,,nests around,
A_01_09A19,8:12:17,oos,,,,,,,,,
A_01_10A19,15:10:18,sitting/chewing,,,,under car in parking lot ,,,,watchman,
A_01_10A19,15:10:35,grooming,,,,,,,,,
A_01_10A19,15:10:38,moving,,,,,,,,,
A_01_10A19,15:10:51,still,,,,,,,,,
A_01_10A19,15:10:58,moving,,,,under car,,,,,
A_01_10A19,15:11:36,oos,,,,,,,,,
A_02_10A19,15:17:18,sitting,,,,under RV,,,,,
A_02_10A19,15:17:49,oos,,,,,,,,,
A_02_10A19,15:19:00,moving,,,,under other RV,,,,,
A_02_10A19,15:19:14,,,,,,,,,,
A_02_10A19,15:19:36,sitting,,,,,,,,,
A_02_10A19,15:20:38,moving,,,,,,,,,
A_02_10A19,15:21:19,oos,,,,,,,,,
A_03_10A19,15:27:55,moving,,,,,,,,,
A_03_10A19,15:28:11,oos,,,,,,,,,
A_04_10A19,15:35:48,siting/vocalizing,,,,in bush,,,,,
A_04_10A19,15:36:02,siting,,,,,,,,other squirrel squeaking 1 per second,
A_04_10A19,15:40:20,climbing,,,,bush,,,,,
A_04_10A19,15:40:48,oos,,,,,,,,,
A_05_10A19,15:45:00,sitting,,,,in grass,,,,other squirrell calling,
A_05_10A19,15:45:33,moving,,,,,,,,other squirrell calling,
A_05_10A19,15:46:04,sitting,,,,,,,,other squirrell calling,
A_05_10A19,15:46:31,moving,,,,,,,,other squirrell calling,
A_05_10A19,15:46:35,laying,,,,,,,,,
A_05_10A19,15:47:08,moving,,,,,,,,,
A_05_10A19,15:47:12,still/laying,,,,,,,,,
A_05_10A19,15:47:23,moving,,,,,,,,,
A_05_10A19,15:47:27,sitting,,,,,,,,,
A_05_10A19,15:47:36,moving,,,,,,,,,
A_05_10A19,15:47:39,laying,,,,,,,,,
A_05_10A19,15:47:53,climbing,,,,tree,,,,,
A_05_10A19,15:48:16,oos,,,,,,,,,
A_05_10A19,15:48:36,sitting,,,,,,,,,
A_05_10A19,15:49:30,,,,,,,,,other squirrel starts calling,
A_05_10A19,15:53:50,eating,,,,,,,leaf,,
A_05_10A19,15:54:20,climbing,,,,,,,,,
A_05_10A19,15:55:05,still,,,,,,,,,
A_06_10A19,16:06:57,sitting,,,,,,,,,
A_06_10A19,16:07:02,moving,,,,,,,,,
A_06_10A19,16:07:06,oos/end,,,,,,,,,
A_07_10A19,16:07:41,moving,,,,under RV,,,,,
A_07_10A19,16:08:04,sitting,,,,,,,,,
A_07_10A19,16:08:14,moving,,,,,,,,,
A_07_10A19,16:08:20,digging,,,,,,,,,
A_07_10A19,16:08:28,standing,,,,,,,,hind legs,
A_07_10A19,16:08:48,digging,,,,,,,,,
A_07_10A19,16:08:56,moving,,,,,,,,,
A_07_10A19,16:09:18,sniffing,,,,,,,,,
A_07_10A19,16:09:27,chewing,,,,,,,,,
A_07_10A19,16:09:31,sniffing,,,,,,,,,
A_07_10A19,16:09:45,moving,,,,,,,,,
A_07_10A19,16:09:52,sniffing,,,,,,,,,
A_07_10A19,16:10:00,moving,,,,,,,,1 other squirrel,
A_07_10A19,16:11:00,end/oos,,,,,,,,,
A_08_10A19,16:12:37,eating,,,,,,,grass,,
A_08_10A19,16:13:03,oos,,,,,,,,,
A_09_10A19,16:16:07,moving,,,,,,,,,
A_09_10A19,16:16:24,sitting,,,,,,,,,
A_09_10A19,16:16:30,moving,,,,,,,,,
A_09_10A19,16:16:44,oos,,,,,,,,,
A_10_10A19,16:44:45,sniffing,,,,,,,,,
A_10_10A19,16:45:02,moving,,,,,,,,,
A_10_10A19,16:45:03,oos,,,,,,,,,
A_11_10A19,16:47:24,moving,,,,,,,,juvenile,
A_11_10A19,16:47:34,sitting,,,,under car,,,,,
A_11_10A19,16:47:45,moving,,,,,,,,,
A_11_10A19,16:48:26,still,,,,under car,,,,,
A_11_10A19,16:48:35,moving,,,,,,,,,
A_11_10A19,16:48:40,itching,,,,,,,,,
A_11_10A19,16:48:43,moving,,,,,,,,,
A_11_10A19,16:48:54,rolling,,,,in sand,,,,,
A_11_10A19,16:49:04,moving,,,,,,,,,
A_11_10A19,16:49:13,standing,,,,,,,,hind legs,
A_11_10A19,16:49:26,climbing,,,,camp chair,,,,,
A_11_10A19,16:49:33,standing,,,,,,,,hind legs,
A_11_10A19,16:49:37,moving,,,,,,,,,
A_11_10A19,16:49:41,standing,,,,,,,,hind legs,
A_11_10A19,16:49:58,moving,,,,,,,,,
A_11_10A19,16:50:08,standing,,,,under table,,,,hind legs,
A_11_10A19,16:50:16,moving,,,,,,,,,
A_11_10A19,16:50:31,still,,,,under table,,,,,
A_11_10A19,16:50:58,moving,,,,in bush,,,,,
A_11_10A19,16:51:49,still,,,,,,,,,
A_11_10A19,16:52:22,moving,,,,,,,,,
A_11_10A19,16:52:32,still,,,,in shade,,,,,
A_11_10A19,16:52:38,moving,,,,,,,,,
A_11_10A19,16:53:01,laying,,,,in shade,,,,,
A_11_10A19,16:56:12,moving,,,,,,,,,
A_11_10A19,16:56:40,oos,,,,,,,,,
A_12_10A19,16:57:04,moving,,,,,,,,,
A_12_10A19,16:57:13,oos,,,,in bush,,,,with other squirrel,
A_12_10A19,16:57:42,moving,,,,,,,,,
A_12_10A19,16:58:15,oos,,,,,,,,,
A_01_11A19,17:43:57,moving,,,,in campsite,,,,,
A_01_11A19,17:44:05,sniffing,,,,,,,,,
A_01_11A19,17:44:15,laying,,,,,,,,,
A_01_11A19,17:44:49,rolling,,,,in sand,,,,,
A_01_11A19,17:45:07,moving,,,,,,,,,
A_01_11A19,17:45:20,sniffing,,,,,,,,,
A_01_11A19,17:45:34,moving,,,,,,,,,
A_01_11A19,17:45:41,laying,,,,,,,,,
A_01_11A19,17:46:09,moving,,,,,,,,,
A_01_11A19,17:46:13,laying,,,,,,,,,
A_01_11A19,17:46:50,moving,,,,,,,,,
A_01_11A19,17:47:31,laying,,,,,,,,,
A_01_11A19,17:47:43,moving,,,,,,,,,
A_01_11A19,17:47:59,standing,,,,,,,,hind legs,
A_01_11A19,17:48:04,moving,,,,,,,,,
A_01_11A19,17:48:12,laying,,,,under car,,,,,
A_01_11A19,17:48:30,moving,,,,,,,,,
A_01_11A19,17:48:42,itching,,,,,,,,,
A_01_11A19,17:48:45,moving,,,,,,,,,
A_01_11A19,17:49:03,sniffing,,,,,,,,,
A_01_11A19,17:49:18,moving,,,,,,,,,
A_01_11A19,17:49:56,laying,,,,,,,,,
A_01_11A19,17:50:27,moving,,,,,,,,,
A_02_11A19,17:51:21,still,,,,in campground,,,,,
A_02_11A19,17:51:27,moving,,,,,,,,,
A_02_11A19,17:51:33,still,,,,,,,,,
A_02_11A19,17:51:49,rolling,,,,in sand,,,,,
A_02_11A19,17:51:55,moving,,,,,,,,,
A_02_11A19,17:52:35,sniffing,,,,,,,,,
A_02_11A19,17:52:41,moving,,,,,,,,,
A_02_11A19,17:52:54,digging,,,,,,,,,
A_02_11A19,17:53:11,sitting,,,,,,,,,
A_02_11A19,17:53:54,digging,,,,,,,,,
A_02_11A19,17:53:59,still,,,,,,,,,
A_02_11A19,17:54:03,moving,,,,,,,,,
A_02_11A19,17:54:26,laying,,,,,,,,,
A_02_11A19,17:54:32,grooming,,,,,,,,,
A_02_11A19,17:54:43,still,,,,,,,,,
A_02_11A19,17:54:48,moving,,,yes,,,,,other squirrel aproaches,
A_02_11A19,17:55:08,laying,,,,,,,,,
A_02_11A19,17:55:20,chasing,,,yes,,,,,"fighting; bite, other squirrel retreats",
A_02_11A19,17:55:28,standing,,,,on rocks,,,,,
A_02_11A19,17:56:32,moving,,,,,,,,,
A_02_11A19,17:56:47,oos,,,,,,,,,
A_02_11A19,17:56:59,still,,,,on bush,,,,,
A_02_11A19,17:01:03,eating,,,,,,,bush,another squirrel is calling,
A_02_11A19,18:01:14,still,,,,,,,,,
A_02_11A19,18:01:21,end,,,,,,,,,
A_03_11A19,18:04:39,laying,,,,in campground,,,,,
A_03_11A19,18:04:56,moving,,,,,,,,,
A_03_11A19,18:06:02,sitting,,,,in diff campground,,,,,
A_03_11A19,18:06:22,eating,,,,,,,bush,,
A_03_11A19,18:06:34,sitting,,,,,,,,,
A_03_11A19,18:08:47,eating,,,,,,,bush,,
A_03_11A19,18:09:07,moving,,,,into bush,,,,,
A_03_11A19,18:09:15,oos,,,,,,,,,
A_04_11A19,18:09:54,laying,,,,in street,,,,juvenile,
A_04_11A19,18:10:11,moving,,,,,,,,,
A_04_11A19,18:10:33,eating,,,,,,,bush,,
A_04_11A19,18:10:41,moving,,,,,,,,,
A_04_11A19,18:10:52,still,,,,,,,,,
A_04_11A19,18:11:02,moving,,,,,,,,,
A_04_11A19,18:11:17,oos,,,,,,,,,
A_05_11A19,18:16:33,moving,,,,in camp ground,,,,,
A_05_11A19,18:16:53,sitting,,,,,,,,,
A_05_11A19,18:17:05,itching,,,,,,,,,
A_05_11A19,18:17:11,still,,,,,,,,,
A_05_11A19,18:17:15,sniffing,,,,,,,,,
A_05_11A19,18:17:21,standing,,,,,,,,hind legs,
A_05_11A19,18:17:33,sitting,,,,,,,,,
A_05_11A19,18:17:43,moving/oos/end,,,,,,,,,
A_06_11A19,18:23:47,moving,,,,,,,,,
A_06_11A19,18:23:55,still,,,,,,,,,
A_06_11A19,18:23:58,moving,,,,,,,,,
A_06_11A19,18:24:30,oos,,,,,,,,,
A_07_11A19,18:34:21,moving,,,,in campground,,,,juvenile,
A_07_11A19,18:35:05,laying,,,,in shade,,,,,
A_07_11A19,18:35:23,moving,,,,under raind fly,,,,,
A_07_11A19,18:35:56,oos,,,,,,,,,
A_07_11A19,18:36:41,moving,,,,,,,,,
A_07_11A19,18:36:59,standing,,,,,,,,hind legs,
A_07_11A19,18:37:27,moving,,,,,,,,,
A_07_11A19,18:38:10,sitting,,,,,,,,,
A_07_11A19,18:38:14,moving,,,,in other campground,,,,,
A_07_11A19,18:38:30,sitting,,,,,,,,,
A_07_11A19,18:39:22,moving,,,,,,,,,
A_07_11A19,18:39:46,oos,,,,,,,,,
A_07_11A19,18:40:33,moving ,,,,in campground,,,,,
A_07_11A19,18:40:45,laying,,,,,,,,,
A_07_11A19,18:40:47,standing,,,,hind feet,,,,,
A_07_11A19,18:40:51,moving,,,,in camp fire pit,,,,,
A_07_11A19,18:41:24,sitting,,,,,,,,,
A_07_11A19,18:41:36,moving,,,,,,,,,
A_07_11A19,18:41:40,laying,,,,in street,,,,,
A_07_11A19,18:42:34,moving,,,,under a car,,,,,
A_07_11A19,18:42:57,laying,,,yes,,,,,another squirrel nearby also under car,
A_07_11A19,18:43:12,moving,,,,out of car,,,,,
A_07_11A19,18:43:19,laying,,,,,,,,,
A_07_11A19,18:44:21,end,,,,,,,,,
A_08_11A19,18:45:09,sniffing,,,,on picnic table in campground,,,,,
A_08_11A19,18:45:20,still,,,,,,,,,
A_08_11A19,18:45:35,moving/oos,,,,up tree,,,,,
A_09_11A19,18:46:16,eating/laying,,,,,,,goldfish,,
A_09_11A19,18:47:36,digging,,,,,,,,,
A_09_11A19,18:47:44,eating/sitting,,,,,,,goldfish,,
A_09_11A19,18:47:55,digging,,,,,,,,,
A_09_11A19,18:48:02,eating,,,,,,,goldfish,,
A_09_11A19,18:48:28,digging,,,,,,,,,
A_09_11A19,18:48:40,eating,,,,,,,,,
A_09_11A19,18:48:56,digging,,,,,,,goldfish,,
A_09_11A19,18:49:24,chewing,,,,,,,,,
A_09_11A19,18:49:30,digging,,,,,,,goldfish,,
A_09_11A19,18:49:39,laying/chewing,,,,,,,leaf,,
A_09_11A19,18:51:57,digging,,,,,,,,,
A_09_11A19,18:52:03,laying/eating,,,,,,,,,
A_09_11A19,18:52:24,moving,,,,,,,,,
A_09_11A19,18:52:28,laying/chewing,,,,,,,,,
A_09_11A19,18:52:46,itching,,,,,,,,,
A_09_11A19,18:52:50,chewing,,,,,,,,,
A_09_11A19,18:52:57,sniffing/moving,,,,,,,,,
A_09_11A19,18:53:04,laying,,,,,,,,,
A_09_11A19,18:53:09,moving,,,,,,,,,
A_09_11A19,18:53:21,sitting,,,,,,,,,
A_09_11A19,18:53:28,moving,,,,in campfire,,,,,
A_09_11A19,18:53:42,moving,,,,,,,,,
A_09_11A19,18:53:50,chewing,,,,,,,grass,,
A_09_11A19,18:54:00,moving,,,,,,,,,
A_09_11A19,18:54:07,chewing,,,,,,,grass,,
A_09_11A19,18:54:17,moving,,,,,,,,,
A_09_11A19,18:54:34,laying,,,,on rock,,,,,
A_09_11A19,18:54:48,moving,,,,,,,,,
A_09_11A19,18:55:02,laying,,,,,,,,,
A_09_11A19,18:55:12,moving,,,,,,,,,
A_09_11A19,18:55:21,sniffing,,,,,,,trash,,
A_09_11A19,18:55:45,moving,,,yes,,,,,contact with other squirrel,
A_09_11A19,18:56:02,end,,,,,,,,,
A_10_11A19,19:08:14,moving,,yes,,,,,,squirrel in tent; man in tent to get out; girl kicking at tent; moving corner to corner to get out,
A_11_11A19,19:10:16,moving,,,,,,,,,
A_11_11A19,19:10:30,oos,,,,,,,,,
A_11_11A19,19:10:36,moving,,,,,,,,,
A_11_11A19,19:10:47,oos,,,,,,,,,
A_11_11A19,19:11:19,eating,,,,,,,grass,,
A_11_11A19,19:16:59,moving,,,,,,,,,
A_11_11A19,19:17:34,oos,,,,,,,,,
A_12_11A19,19:17:52,moving,,,,,,,,,
A_12_11A19,19:17:56,standing,,,,,,,,hind legs,
A_12_11A19,19:18:07,moving,,,,,,,,,
A_12_11A19,19:18:15,oos,,,,,,,,,
A_13_11A19,19:28:10,sitting,,,,under bush,,,,,
A_13_11A19,19:32:12,moving,,,,,,,,,
A_13_11A19,19:32:13,oos,,,,,,,,,
A_01_12A19,11:34:12,eating; standing,,,,in campsite,,,grass,hind legs,
A_01_12A19,11:34:48,moving,,,,,,,,,
A_01_12A19,11:34:53,sniffing,,,,,,,,,
A_01_12A19,11:34:55,moving,,,,,,,,,
A_01_12A19,11:35:06,digging,,,,,,,,,
A_01_12A19,11:35:19,moving,,,,,,,,,
A_01_12A19,11:35:34,sniffing,,,,,,,,,
A_01_12A19,11:35:53,moving,,,,,,,,,
A_01_12A19,11:36:02,sniffing,,,,,,,,,
A_01_12A19,11:36:11,oos,,,,in bush,,,,,
A_01_12A19,11:36:20,eating,,,,,,,grass,,
A_01_12A19,11:36:26,moving,,,,,,,,,
A_01_12A19,11:36:31,sitting,,,,,,,,,
A_01_12A19,11:37:01,eating,,,,,,,grass,,
A_01_12A19,11:37:33,moving,,,,,,,,,
A_01_12A19,11:37:43,digging,,,,,,,,,
A_01_12A19,11:37:58,still,,,,,,,,,
A_01_12A19,11:38:02,eating,,,,,,,grass,,
A_01_12A19,11:38:21,still,,,,,,,,,
A_01_12A19,11:39:29,eating,,,,,,,grass,,
A_01_12A19,11:40:11,moving,,,,,,,,,
A_01_12A19,11:40:20,eating,,,,,,,grass,,
A_01_12A19,11:42:31,moving,,,,,,,,,
A_01_12A19,11:42:46,oos,,,,,,,,,
A_01_12A19,11:43:40,end,,,,,,,,,
A_02_12A19,11:43:40,moving,,,,,,,,juvenile,
A_02_12A19,11:43:42,sitting,,,,,,,,,
A_02_12A19,11:43:54,moving/oos,,,,,,,,,
A_03_12A19,11:44:31,sitting,,,,in campsite shade,,,,,
A_03_12A19,11:45:35,chewing,,,,,,,,,
A_03_12A19,11:46:16,moving,,,,,,,,,
A_03_12A19,11:46:21,eating,,,,,,,grass,,
A_03_12A19,11:46:32,moving,,,,,,,,,
A_03_12A19,11:46:52,still,,,,,,,,,
A_03_12A19,11:47:11,laying,,,,,,,,,
A_03_12A19,11:48:05,sniffing,,,,,,,,,
A_03_12A19,11:48:10,eating,,,,,,,grass,,
A_03_12A19,11:48:23,sniffing,,,,,,,,,
A_03_12A19,11:48:30,eating,,,,,,,grass,,
A_03_12A19,11:48:50,sniffing,,,,,,,,,
A_03_12A19,11:48:54,laying,,,,,,,,,
A_03_12A19,11:49:03,moving,,,,,,,,,
A_03_12A19,11:49:18,still,,,,in tree,,,,,
A_03_12A19,11:49:32,moving,,,,,,,,,
A_03_12A19,11:49:36,laying,,,,on branch,,,,,
A_03_12A19,11:50:55,moving,,,,,,,,,
A_03_12A19,11:51:02,sniffing,,,,,,,,,
A_03_12A19,11:51:08,eating,,,,,,,grass,,
A_03_12A19,11:51:32,still,,,,,,,,,
A_03_12A19,11:51:42,sniffing,,,,,,,,,
A_03_12A19,11:52:02,still,,,,,,,,,
A_03_12A19,11:52:16,chewing,,,,,,,,,
A_03_12A19,11:52:28,still,,,,,,,,,
A_03_12A19,11:52:50,sniffing,,,,,,,,,
A_03_12A19,11:53:05,eating,,,,,,,grass,,
A_03_12A19,11:54:16,grooming,,,,,,,,tail,
A_03_12A19,11:54:24,sniffing,,,,,,,,,
A_03_12A19,11:54:31,end,,,,,,,,,
A_04_12A19,11:55:49,sniffing,,,,in campsite,,,,,
A_04_12A19,11:55:54,digging,,,,,,,,,
A_04_12A19,11:55:59,still,,,,,,,,,
A_04_12A19,11:56:05,laying,,,,,,,,,
A_04_12A19,11:56:36,moving,,,,,,,,,
A_04_12A19,11:56:55,rolling,,,,in sand,,,,,
A_04_12A19,11:56:58,moving,,,,,,,,,
A_04_12A19,11:57:11,sniffing,,,,,,,,,
A_04_12A19,11:57:42,still,,,,,,,,,
A_04_12A19,11:57:50,sniffing,,,,,,,,,
A_04_12A19,11:57:57,eating,,,,,,,gras,,
A_04_12A19,11:58:21,moving,,,,,,,,,
A_04_12A19,11:59:02,eating,,,,,,,grass,,
A_04_12A19,11:59:12,sniffing,,,,,,,,,
A_04_12A19,11:59:18,eating,,,,,,,grass,,
A_04_12A19,11:59:30,sniffing,,,,,,,,,
A_04_12A19,11:59:40,moving,,,,,,,,,
A_04_12A19,11:59:57,standing,,,,,,,,hind legs,
A_04_12A19,12:00:00,moving,,,,,,,,,
A_04_12A19,12:00:21,still,,,,,,,,,
A_04_12A19,12:00:33,moving,,,,,,,,,
A_04_12A19,12:01:20,oos,,,,in bush,,,,,
A_04_12A19,12:02:20,end,,,,,,,,,
A_05_12A19,12:02:53,sniffing,,,,,,,,juvenile,
A_05_12A19,12:03:09,digging,,,,,,,,,
A_05_12A19,12:03:23,moving,,,,,,,,,
A_05_12A19,12:03:31,still,,,,,,,,,
A_05_12A19,12:03:38,moving,,,,,,,,,
A_05_12A19,12:03:46,still,,,,,,,,,
A_05_12A19,12:03:52,itching,,,,,,,,,
A_05_12A19,12:03:56,moving,,,,,,,,,
A_05_12A19,12:04:05,still,,,,,,,,,
A_05_12A19,12:04:24,oos,,,,in bush,,,,,
A_06_12A19,12:04:33,still,,,,,,,,,
A_06_12A19,12:05:15,moving,,,,into bush,,,,,
A_06_12A19,12:06:15,end,,,,,,,,,
A_07_12A19,12:07:19,sitting,,,,,,,,,
A_07_12A19,12:07:28,grooming,,,,,,,,,
A_07_12A19,12:07:49,sitting,,,,,,,,,
A_07_12A19,12:07:52,moving,,,yes,,,,,two other squirrels at campsite,
A_07_12A19,12:07:59,digging,,,,,,,,,
A_07_12A19,12:08:09,sitting,,,,,,,,,
A_07_12A19,12:08:17,moving,,,,,,,,,
A_07_12A19,12:08:21,digging,,,,,,,,,
A_07_12A19,12:08:33,moving,,,,,,,,,
A_07_12A19,12:08:44,chewing,,,,,,,bark,,
A_07_12A19,12:08:54,moving,,,,into brush,,,,,
A_07_12A19,12:09:28,sniffing,,,,,,,,,
A_07_12A19,12:08:55,oos,,,,,,,,,
A_08_12A19,12:11:29,moving,,,,,,,,juvenile,
A_08_12A19,12:11:38,sniffing,,,,into brush,,,,,
A_08_12A19,12:11:55,moving,,,,,,,,,
A_08_12A19,12:12:05,laying,,,,,,,,,
A_08_12A19,12:12:50,moving,,,,,,,,,
A_08_12A19,12:13:09,oos,,,,,,,,,
A_09_12A19,12:15:16,moving,,,,,,,,,
A_09_12A19,12:15:52,still,,,,,,,,,
A_09_12A19,12:16:08,moving,,,,in campsite,,,,,
A_09_12A19,12:16:12,still,,,,,,,,,
A_09_12A19,12:16:33,moving,,,,,,,,,
A_09_12A19,12:16:37,standing,,,,,,,,hind feet,
A_09_12A19,12:16:40,moving,,,,,,,,,
A_09_12A19,12:16:45,still,,,,,,,,,
A_09_12A19,12:16:49,moving,,,,,,,,,
A_09_12A19,12:17:00,climbing,,,,tree,,,,,
A_09_12A19,12:17:15,still,,,,,,,,,
A_09_12A19,12:17:39,climbing,,,,tree,,,,,
A_09_12A19,12:18:11,itching,,,,,,,,,
A_09_12A19,12:18:19,moving,,,,,,,,,
A_09_12A19,12:19:00,eating,,,,,,,leaves,,
A_09_12A19,12:22:37,climbing,,,,down tree,,,,,
A_09_12A19,12:23:14,climbing,,,,up tree,,,,,
A_09_12A19,12:23:35,eating,,,,,,,leaves,,
A_09_12A19,12:25:16,end,,,,,,,,,
A_10_12A19,12:28:20,moving,,,,,,,,,
A_10_12A19,12:28:23,sitting,,,,in street,,,,,
A_10_12A19,12:28:32,moving,,,,,,,,,
A_10_12A19,12:28:38,laying,,,,,,,,,
A_10_12A19,12:28:43,moving,,,,,,,,,
A_10_12A19,12:29:01,oos,,,,into brush,,,,,
